Feature_Set,Fold,Image Name,patient_id,y_true,y_prob,y_pred
Disc Only,1,195_0.jpg,195,0,0.663299776491625,1
Disc Only,1,195_1.jpg,195,0,0.6658840621782345,1
Disc Only,1,195_2.jpg,195,0,0.37764927574991364,0
Disc Only,1,196_0.jpg,196,0,0.5644394700563973,1
Disc Only,1,197_0.jpg,197,0,0.2143826441881838,0
Disc Only,1,202_0.jpg,202,0,0.4843897436454793,0
Disc Only,1,202_1.jpg,202,0,0.17059585155886153,0
Disc Only,1,205_0.jpg,205,0,0.49021245045995415,0
Disc Only,1,205_1.jpg,205,0,0.3956053060051719,0
Disc Only,1,213_0.jpg,213,0,0.3552662997262343,0
Disc Only,1,216_0.jpg,216,0,0.22389566416151704,0
Disc Only,1,218_0.jpg,218,0,0.7740881762502327,1
Disc Only,1,223_0.jpg,223,0,0.359058540615885,0
Disc Only,1,223_1.jpg,223,0,0.3041110889663655,0
Disc Only,1,223_2.jpg,223,0,0.6420782036430731,1
Disc Only,1,227_0.jpg,227,0,0.2513731027197184,0
Disc Only,1,227_1.jpg,227,0,0.6546489648958826,1
Disc Only,1,227_2.jpg,227,0,0.9131257760072324,1
Disc Only,1,227_3.jpg,227,0,0.47349152906990666,0
Disc Only,1,227_4.jpg,227,0,0.8185992859556336,1
Disc Only,1,230_0.jpg,230,0,0.5091128355555076,1
Disc Only,1,230_1.jpg,230,0,0.36491136594016765,0
Disc Only,1,234_0.jpg,234,0,0.8259561756388436,1
Disc Only,1,234_1.jpg,234,0,0.4477495560374325,0
Disc Only,1,239_0.jpg,239,0,0.3221520328023537,0
Disc Only,1,239_1.jpg,239,0,0.25736708784142853,0
Disc Only,1,241_0.jpg,241,0,0.2155984749338687,0
Disc Only,1,241_1.jpg,241,0,0.6428995091956757,1
Disc Only,1,241_2.jpg,241,0,0.4042235869734702,0
Disc Only,1,242_0.jpg,242,0,0.32405760869894884,0
Disc Only,1,244_0.jpg,244,0,0.812029397287482,1
Disc Only,1,244_1.jpg,244,0,0.5002841726618705,1
Disc Only,1,246_0.jpg,246,0,0.6567220138118626,1
Disc Only,1,273_0.jpg,273,0,0.16718031429433153,0
Disc Only,1,276_0.jpg,276,0,0.6645486727318893,1
Disc Only,1,276_1.jpg,276,0,0.418628445459049,0
Disc Only,1,276_2.jpg,276,0,0.41255788697426676,0
Disc Only,1,283_0.jpg,283,0,0.9294765889577237,1
Disc Only,1,283_1.jpg,283,0,0.37316027493892157,0
Disc Only,1,286_0.jpg,286,0,0.6883774069395353,1
Disc Only,1,286_1.jpg,286,0,0.26539056195904637,0
Disc Only,1,0_0.jpg,0,1,0.6209312851594421,1
Disc Only,1,100_0.jpg,100,1,0.1829707032796016,0
Disc Only,1,100_1.jpg,100,1,0.6371145527497979,1
Disc Only,1,100_2.jpg,100,1,0.9189940869660463,1
Disc Only,1,100_3.jpg,100,1,0.797006389229153,1
Disc Only,1,100_4.jpg,100,1,0.7438290559246741,1
Disc Only,1,100_5.jpg,100,1,0.5295579062767131,1
Disc Only,1,100_6.jpg,100,1,0.8521680851014084,1
Disc Only,1,100_7.jpg,100,1,0.7638653997471527,1
Disc Only,1,100_8.jpg,100,1,0.8254675234134473,1
Disc Only,1,100_9.jpg,100,1,0.6376643914140251,1
Disc Only,1,102_0.jpg,102,1,0.4456438147607432,0
Disc Only,1,102_1.jpg,102,1,0.825234687866792,1
Disc Only,1,108_0.jpg,108,1,0.7285416795242781,1
Disc Only,1,108_1.jpg,108,1,0.7366806722873647,1
Disc Only,1,108_2.jpg,108,1,0.811162178043975,1
Disc Only,1,108_3.jpg,108,1,0.6961047461414661,1
Disc Only,1,108_4.jpg,108,1,0.5604431751758198,1
Disc Only,1,112_0.jpg,112,1,0.8314313751078997,1
Disc Only,1,112_1.jpg,112,1,0.588460327216333,1
Disc Only,1,112_2.jpg,112,1,0.7154808683785187,1
Disc Only,1,113_0.jpg,113,1,0.8311728413053437,1
Disc Only,1,114_0.jpg,114,1,0.5671408141851553,1
Disc Only,1,114_1.jpg,114,1,0.14822722984702186,0
Disc Only,1,114_2.jpg,114,1,0.7049086609076803,1
Disc Only,1,117_0.jpg,117,1,0.6889660996348266,1
Disc Only,1,137_0.jpg,137,1,0.5802021776870577,1
Disc Only,1,138_0.jpg,138,1,0.7777486947026427,1
Disc Only,1,138_1.jpg,138,1,0.7659885218536938,1
Disc Only,1,138_2.jpg,138,1,0.8417468279497592,1
Disc Only,1,139_0.jpg,139,1,0.7434723242722197,1
Disc Only,1,139_1.jpg,139,1,0.5423536814283444,1
Disc Only,1,139_2.jpg,139,1,0.8064761431748851,1
Disc Only,1,143_0.jpg,143,1,0.7965790784221393,1
Disc Only,1,143_1.jpg,143,1,0.9491191454208228,1
Disc Only,1,143_2.jpg,143,1,0.9705731671178526,1
Disc Only,1,143_3.jpg,143,1,0.8048220850462954,1
Disc Only,1,143_4.jpg,143,1,0.764249726654265,1
Disc Only,1,149_0.jpg,149,1,0.8059296068188846,1
Disc Only,1,153_0.jpg,153,1,0.8630652799951686,1
Disc Only,1,153_1.jpg,153,1,0.7144103464563378,1
Disc Only,1,153_2.jpg,153,1,0.8111346618667487,1
Disc Only,1,153_3.jpg,153,1,0.841368633257205,1
Disc Only,1,158_0.jpg,158,1,0.8179465798788235,1
Disc Only,1,158_1.jpg,158,1,0.8169195723771804,1
Disc Only,1,160_0.jpg,160,1,0.6740500749411233,1
Disc Only,1,160_1.jpg,160,1,0.6746930699021277,1
Disc Only,1,161_0.jpg,161,1,0.6649436413794946,1
Disc Only,1,165_0.jpg,165,1,0.8297150887974027,1
Disc Only,1,165_1.jpg,165,1,0.9271539128970561,1
Disc Only,1,165_2.jpg,165,1,0.9178583480776454,1
Disc Only,1,175_0.jpg,175,1,0.7901141635698821,1
Disc Only,1,175_1.jpg,175,1,0.7699787516134355,1
Disc Only,1,184_0.jpg,184,1,0.7704755729788003,1
Disc Only,1,184_1.jpg,184,1,0.7796191300332493,1
Disc Only,1,23_0.jpg,23,1,0.5985982950275707,1
Disc Only,1,23_1.jpg,23,1,0.3719477264619616,0
Disc Only,1,26_0.jpg,26,1,0.7098876031923599,1
Disc Only,1,26_1.jpg,26,1,0.9319905604567438,1
Disc Only,1,32_0.jpg,32,1,0.9167412633076382,1
Disc Only,1,32_1.jpg,32,1,0.6740946459586311,1
Disc Only,1,32_2.jpg,32,1,0.6824970821593824,1
Disc Only,1,37_0.jpg,37,1,0.9465646715499345,1
Disc Only,1,50_0.jpg,50,1,0.8328340527726277,1
Disc Only,1,50_1.jpg,50,1,0.6820552436539843,1
Disc Only,1,50_2.jpg,50,1,0.9405427801623932,1
Disc Only,1,62_0.jpg,62,1,0.8636276946566808,1
Disc Only,1,62_1.jpg,62,1,0.8202462627201317,1
Disc Only,1,62_2.jpg,62,1,0.7791307808713718,1
Disc Only,1,62_3.jpg,62,1,0.7968629372395685,1
Disc Only,1,62_4.jpg,62,1,0.889069751526369,1
Disc Only,1,62_5.jpg,62,1,0.7365750195847969,1
Disc Only,1,63_0.jpg,63,1,0.8165915757399053,1
Disc Only,1,63_1.jpg,63,1,0.7980682380080973,1
Disc Only,1,63_2.jpg,63,1,0.8013932387036133,1
Disc Only,1,63_3.jpg,63,1,0.8315809373346759,1
Disc Only,1,63_4.jpg,63,1,0.6371186461803972,1
Disc Only,1,63_5.jpg,63,1,0.6316430259074849,1
Disc Only,1,63_6.jpg,63,1,0.857504521395068,1
Disc Only,1,64_0.jpg,64,1,0.8174202904804169,1
Disc Only,1,64_1.jpg,64,1,0.6920225630326877,1
Disc Only,1,64_2.jpg,64,1,0.742818280520454,1
Disc Only,1,64_3.jpg,64,1,0.7309705128744715,1
Disc Only,1,64_4.jpg,64,1,0.5860865973513666,1
Disc Only,1,73_0.jpg,73,1,0.6659825271796458,1
Disc Only,1,73_1.jpg,73,1,0.8871039116234223,1
Disc Only,1,73_2.jpg,73,1,0.6441206807354267,1
Disc Only,1,73_3.jpg,73,1,0.9154377644220594,1
Disc Only,1,75_0.jpg,75,1,0.7197722111839099,1
Disc Only,1,75_1.jpg,75,1,0.8413092822328179,1
Disc Only,1,75_2.jpg,75,1,0.8484850530305651,1
Disc Only,1,79_0.jpg,79,1,0.9029318218082742,1
Disc Only,1,79_1.jpg,79,1,0.9059504135838093,1
Disc Only,1,81_0.jpg,81,1,0.8580030131422727,1
Disc Only,1,81_1.jpg,81,1,0.7549213176287607,1
Disc Only,1,81_2.jpg,81,1,0.8106809869098206,1
Disc Only,1,84_0.jpg,84,1,0.6595083504057662,1
Disc Only,1,84_1.jpg,84,1,0.1503691665068244,0
Disc Only,1,8_0.jpg,8,1,0.8231123976705681,1
Disc Only,1,8_1.jpg,8,1,0.2574674400792016,0
Disc Only,1,8_2.jpg,8,1,0.884643536270855,1
Disc Only,1,8_3.jpg,8,1,0.6490426649626587,1
Disc Only,1,92_0.jpg,92,1,0.7828298538787821,1
Disc Only,1,92_1.jpg,92,1,0.6761941367366178,1
Disc Only,1,94_0.jpg,94,1,0.7792793572248639,1
Disc Only,1,94_1.jpg,94,1,0.7792793572248639,1
Disc Only,1,94_2.jpg,94,1,0.6718305110332936,1
Disc Only,1,94_3.jpg,94,1,0.6471892340196941,1
Disc Only,1,96_0.jpg,96,1,0.7789412436664851,1
Disc Only,1,96_1.jpg,96,1,0.18407400750127742,0
Disc Only,1,96_2.jpg,96,1,0.37972500758608246,0
Disc Only,2,187_0.jpg,187,0,0.28363520351696053,0
Disc Only,2,192_0.jpg,192,0,0.38094822255997196,0
Disc Only,2,192_1.jpg,192,0,0.16623593885128693,0
Disc Only,2,198_0.jpg,198,0,0.3175518915345097,0
Disc Only,2,204_0.jpg,204,0,0.33573288834659304,0
Disc Only,2,204_1.jpg,204,0,0.34824682942190377,0
Disc Only,2,206_0.jpg,206,0,0.9096109761772295,1
Disc Only,2,209_0.jpg,209,0,0.3564711083042662,0
Disc Only,2,215_0.jpg,215,0,0.74556075579125,1
Disc Only,2,215_1.jpg,215,0,0.7378489184544182,1
Disc Only,2,215_2.jpg,215,0,0.6833194875149333,1
Disc Only,2,215_3.jpg,215,0,0.729731592120182,1
Disc Only,2,221_0.jpg,221,0,0.6253271469668207,1
Disc Only,2,226_0.jpg,226,0,0.564138383050155,1
Disc Only,2,226_1.jpg,226,0,0.6018846343986087,1
Disc Only,2,229_0.jpg,229,0,0.6011542962782176,1
Disc Only,2,229_1.jpg,229,0,0.7638375827649087,1
Disc Only,2,233_0.jpg,233,0,0.254298700515407,0
Disc Only,2,236_0.jpg,236,0,0.7541039034045635,1
Disc Only,2,240_0.jpg,240,0,0.3862331135070923,0
Disc Only,2,240_1.jpg,240,0,0.4730026168187947,0
Disc Only,2,240_2.jpg,240,0,0.31912777006758175,0
Disc Only,2,243_0.jpg,243,0,0.7129843407119633,1
Disc Only,2,243_1.jpg,243,0,0.6651846559337633,1
Disc Only,2,248_0.jpg,248,0,0.7361758997796126,1
Disc Only,2,260_0.jpg,260,0,0.5401361282779356,1
Disc Only,2,266_0.jpg,266,0,0.7039012829019875,1
Disc Only,2,271_0.jpg,271,0,0.7039830967916617,1
Disc Only,2,272_0.jpg,272,0,0.5389559206796715,1
Disc Only,2,272_1.jpg,272,0,0.372525778252318,0
Disc Only,2,275_0.jpg,275,0,0.68727770354841,1
Disc Only,2,275_1.jpg,275,0,0.7785019224398385,1
Disc Only,2,275_2.jpg,275,0,0.2215249602966002,0
Disc Only,2,277_0.jpg,277,0,0.7078368826062706,1
Disc Only,2,277_1.jpg,277,0,0.7152801881769717,1
Disc Only,2,277_2.jpg,277,0,0.553651212880489,1
Disc Only,2,103_0.jpg,103,1,0.6961241525533136,1
Disc Only,2,103_1.jpg,103,1,0.7652454469212528,1
Disc Only,2,106_0.jpg,106,1,0.7387598046776879,1
Disc Only,2,111_0.jpg,111,1,0.7005497599206287,1
Disc Only,2,115_0.jpg,115,1,0.5914843880191254,1
Disc Only,2,115_1.jpg,115,1,0.9122560922040742,1
Disc Only,2,116_0.jpg,116,1,0.8163412311562301,1
Disc Only,2,116_1.jpg,116,1,0.7348179396929596,1
Disc Only,2,119_0.jpg,119,1,0.8422015118308039,1
Disc Only,2,119_1.jpg,119,1,0.8886270441259354,1
Disc Only,2,126_0.jpg,126,1,0.6290569451334226,1
Disc Only,2,126_1.jpg,126,1,0.7403740357788371,1
Disc Only,2,130_0.jpg,130,1,0.6971067710601327,1
Disc Only,2,132_0.jpg,132,1,0.4573273094635896,0
Disc Only,2,132_1.jpg,132,1,0.7925322264876418,1
Disc Only,2,145_0.jpg,145,1,0.8637890878592327,1
Disc Only,2,145_1.jpg,145,1,0.8939020105828406,1
Disc Only,2,145_2.jpg,145,1,0.7410385457172666,1
Disc Only,2,150_0.jpg,150,1,0.8236983148261368,1
Disc Only,2,150_1.jpg,150,1,0.9043573418144352,1
Disc Only,2,150_10.jpg,150,1,0.6710244516942404,1
Disc Only,2,150_11.jpg,150,1,0.718829170758527,1
Disc Only,2,150_12.jpg,150,1,0.672949916356701,1
Disc Only,2,150_13.jpg,150,1,0.6844985137715676,1
Disc Only,2,150_2.jpg,150,1,0.6754582897277901,1
Disc Only,2,150_3.jpg,150,1,0.8229253646859261,1
Disc Only,2,150_4.jpg,150,1,0.8328857568911235,1
Disc Only,2,150_5.jpg,150,1,0.8149929892594266,1
Disc Only,2,150_6.jpg,150,1,0.8527530755836911,1
Disc Only,2,150_7.jpg,150,1,0.6863035513893281,1
Disc Only,2,150_8.jpg,150,1,0.7255583434625714,1
Disc Only,2,150_9.jpg,150,1,0.6928275435719459,1
Disc Only,2,151_0.jpg,151,1,0.9484755196119496,1
Disc Only,2,151_1.jpg,151,1,0.8346350387559694,1
Disc Only,2,151_2.jpg,151,1,0.8660299113286549,1
Disc Only,2,151_3.jpg,151,1,0.8489763739486171,1
Disc Only,2,151_4.jpg,151,1,0.7869184943745969,1
Disc Only,2,156_0.jpg,156,1,0.8815323061654742,1
Disc Only,2,157_0.jpg,157,1,0.8485631591294343,1
Disc Only,2,157_1.jpg,157,1,0.7957921746641367,1
Disc Only,2,157_2.jpg,157,1,0.8086946687330913,1
Disc Only,2,157_3.jpg,157,1,0.8158533226673402,1
Disc Only,2,162_0.jpg,162,1,0.849930842757352,1
Disc Only,2,162_1.jpg,162,1,0.818768584751991,1
Disc Only,2,164_0.jpg,164,1,0.7547902473640279,1
Disc Only,2,164_1.jpg,164,1,0.7802691621769854,1
Disc Only,2,164_2.jpg,164,1,0.8854108780629332,1
Disc Only,2,164_3.jpg,164,1,0.7968524994345826,1
Disc Only,2,168_0.jpg,168,1,0.7552715572195378,1
Disc Only,2,168_1.jpg,168,1,0.704401528917459,1
Disc Only,2,168_2.jpg,168,1,0.8055940021429286,1
Disc Only,2,169_0.jpg,169,1,0.6550134789717543,1
Disc Only,2,169_1.jpg,169,1,0.522243386389468,1
Disc Only,2,169_2.jpg,169,1,0.6261148932499829,1
Disc Only,2,169_3.jpg,169,1,0.60621248934982,1
Disc Only,2,173_0.jpg,173,1,0.8542567761469597,1
Disc Only,2,177_0.jpg,177,1,0.7659370268412152,1
Disc Only,2,177_1.jpg,177,1,0.8878047951313512,1
Disc Only,2,177_2.jpg,177,1,0.6617852289019461,1
Disc Only,2,181_0.jpg,181,1,0.5059216195613465,1
Disc Only,2,181_1.jpg,181,1,0.7876352609100407,1
Disc Only,2,185_0.jpg,185,1,0.8292631280864949,1
Disc Only,2,185_1.jpg,185,1,0.671258621444969,1
Disc Only,2,185_2.jpg,185,1,0.6491722576936837,1
Disc Only,2,19_0.jpg,19,1,0.9521661387734851,1
Disc Only,2,24_0.jpg,24,1,0.9118433760262671,1
Disc Only,2,29_0.jpg,29,1,0.8596312149971672,1
Disc Only,2,29_1.jpg,29,1,0.9238195338495139,1
Disc Only,2,29_2.jpg,29,1,0.7656078547985194,1
Disc Only,2,35_0.jpg,35,1,0.9221887670509361,1
Disc Only,2,35_1.jpg,35,1,0.7737996185908408,1
Disc Only,2,52_0.jpg,52,1,0.8119751342550657,1
Disc Only,2,52_1.jpg,52,1,0.7432118473449045,1
Disc Only,2,58_0.jpg,58,1,0.6360750465585364,1
Disc Only,2,58_1.jpg,58,1,0.8546039265177984,1
Disc Only,2,58_2.jpg,58,1,0.8323987971466963,1
Disc Only,2,59_0.jpg,59,1,0.8511761812654833,1
Disc Only,2,59_1.jpg,59,1,0.8580937546663415,1
Disc Only,2,61_0.jpg,61,1,0.7083909913235042,1
Disc Only,2,61_1.jpg,61,1,0.7634296147106727,1
Disc Only,2,61_2.jpg,61,1,0.862684188006617,1
Disc Only,2,61_3.jpg,61,1,0.8619305848918127,1
Disc Only,2,61_4.jpg,61,1,0.7260674347604192,1
Disc Only,2,68_0.jpg,68,1,0.7585696086469704,1
Disc Only,2,68_1.jpg,68,1,0.7776137914815525,1
Disc Only,2,6_0.jpg,6,1,0.645876555532699,1
Disc Only,2,6_1.jpg,6,1,0.7883985771818005,1
Disc Only,2,71_0.jpg,71,1,0.7369754286100985,1
Disc Only,2,71_1.jpg,71,1,0.9203054764429385,1
Disc Only,2,85_0.jpg,85,1,0.8761752594152589,1
Disc Only,2,87_0.jpg,87,1,0.952744504079638,1
Disc Only,2,87_1.jpg,87,1,0.9219982944951453,1
Disc Only,2,87_2.jpg,87,1,0.667587091444101,1
Disc Only,2,87_3.jpg,87,1,0.7141003189559606,1
Disc Only,2,87_4.jpg,87,1,0.9597341621390721,1
Disc Only,2,87_5.jpg,87,1,0.9080984565324676,1
Disc Only,2,87_6.jpg,87,1,0.7296870386307833,1
Disc Only,2,90_0.jpg,90,1,0.8830415788977344,1
Disc Only,2,93_0.jpg,93,1,0.9169009849739357,1
Disc Only,2,93_1.jpg,93,1,0.8261958337812887,1
Disc Only,3,190_0.jpg,190,0,0.33202320963868714,0
Disc Only,3,191_0.jpg,191,0,0.6690849838197468,1
Disc Only,3,191_1.jpg,191,0,0.8433712589315945,1
Disc Only,3,194_0.jpg,194,0,0.32763543031187686,0
Disc Only,3,194_1.jpg,194,0,0.45671558162812714,0
Disc Only,3,208_0.jpg,208,0,0.7956811621061949,1
Disc Only,3,208_1.jpg,208,0,0.7240773440427106,1
Disc Only,3,211_0.jpg,211,0,0.3805434513830685,0
Disc Only,3,211_1.jpg,211,0,0.31102890797527727,0
Disc Only,3,211_2.jpg,211,0,0.2591513499522807,0
Disc Only,3,220_0.jpg,220,0,0.578558517380292,1
Disc Only,3,220_1.jpg,220,0,0.5059477967280908,1
Disc Only,3,231_0.jpg,231,0,0.617146289182287,1
Disc Only,3,231_1.jpg,231,0,0.7181233255129559,1
Disc Only,3,238_0.jpg,238,0,0.7249771068724244,1
Disc Only,3,238_1.jpg,238,0,0.4842886940143723,0
Disc Only,3,250_0.jpg,250,0,0.6896305980011438,1
Disc Only,3,250_1.jpg,250,0,0.7256443121209774,1
Disc Only,3,252_0.jpg,252,0,0.5306579843723933,1
Disc Only,3,252_1.jpg,252,0,0.596823231448198,1
Disc Only,3,253_0.jpg,253,0,0.677114562196314,1
Disc Only,3,253_1.jpg,253,0,0.6951875236395556,1
Disc Only,3,253_2.jpg,253,0,0.8193122132860668,1
Disc Only,3,255_0.jpg,255,0,0.37706982813365775,0
Disc Only,3,255_1.jpg,255,0,0.5418193199029333,1
Disc Only,3,255_2.jpg,255,0,0.6507510360850395,1
Disc Only,3,257_0.jpg,257,0,0.33397354745329205,0
Disc Only,3,257_1.jpg,257,0,0.28640048773822047,0
Disc Only,3,261_0.jpg,261,0,0.6902466151387663,1
Disc Only,3,261_1.jpg,261,0,0.38667185214328176,0
Disc Only,3,262_0.jpg,262,0,0.7594363514145124,1
Disc Only,3,264_0.jpg,264,0,0.5189779819096588,1
Disc Only,3,268_0.jpg,268,0,0.3896991003002645,0
Disc Only,3,274_0.jpg,274,0,0.6638766547336332,1
Disc Only,3,284_0.jpg,284,0,0.4097146988222734,0
Disc Only,3,284_1.jpg,284,0,0.19797293348281933,0
Disc Only,3,288_0.jpg,288,0,0.1843655555580331,0
Disc Only,3,105_0.jpg,105,1,0.7776141482936627,1
Disc Only,3,105_1.jpg,105,1,0.7664320186820192,1
Disc Only,3,107_0.jpg,107,1,0.3607151985992615,0
Disc Only,3,107_1.jpg,107,1,0.7818394922492929,1
Disc Only,3,107_2.jpg,107,1,0.4847245554915698,0
Disc Only,3,10_0.jpg,10,1,0.9150083139720134,1
Disc Only,3,10_1.jpg,10,1,0.8974090072965889,1
Disc Only,3,10_2.jpg,10,1,0.894564228833611,1
Disc Only,3,122_0.jpg,122,1,0.6690216571884536,1
Disc Only,3,122_1.jpg,122,1,0.7636637706807383,1
Disc Only,3,125_0.jpg,125,1,0.7213046014612974,1
Disc Only,3,12_0.jpg,12,1,0.6305509984748672,1
Disc Only,3,12_1.jpg,12,1,0.8570702599555432,1
Disc Only,3,12_2.jpg,12,1,0.7669338764579936,1
Disc Only,3,12_3.jpg,12,1,0.8108647160083494,1
Disc Only,3,12_4.jpg,12,1,0.9394514997465637,1
Disc Only,3,131_0.jpg,131,1,0.7763589173433166,1
Disc Only,3,134_0.jpg,134,1,0.9298944209823782,1
Disc Only,3,134_1.jpg,134,1,0.8007513289348849,1
Disc Only,3,141_0.jpg,141,1,0.909084157929301,1
Disc Only,3,141_1.jpg,141,1,0.7667793505635163,1
Disc Only,3,141_2.jpg,141,1,0.8031766719897118,1
Disc Only,3,141_3.jpg,141,1,0.7036244427060709,1
Disc Only,3,141_4.jpg,141,1,0.7595231673295995,1
Disc Only,3,141_5.jpg,141,1,0.6882068060569928,1
Disc Only,3,141_6.jpg,141,1,0.8925565726803373,1
Disc Only,3,144_0.jpg,144,1,0.8490453785372813,1
Disc Only,3,144_1.jpg,144,1,0.2619245272403658,0
Disc Only,3,144_2.jpg,144,1,0.8965476015704682,1
Disc Only,3,144_3.jpg,144,1,0.8313428920997922,1
Disc Only,3,14_0.jpg,14,1,0.8407403916480385,1
Disc Only,3,14_1.jpg,14,1,0.8808402512152881,1
Disc Only,3,166_0.jpg,166,1,0.7723975081196481,1
Disc Only,3,166_1.jpg,166,1,0.5362783120849131,1
Disc Only,3,166_2.jpg,166,1,0.7893626002864561,1
Disc Only,3,16_0.jpg,16,1,0.8067489926600611,1
Disc Only,3,16_1.jpg,16,1,0.7597409893944689,1
Disc Only,3,16_2.jpg,16,1,0.6899915118239622,1
Disc Only,3,16_3.jpg,16,1,0.7059915328731994,1
Disc Only,3,16_4.jpg,16,1,0.7954278462049431,1
Disc Only,3,171_0.jpg,171,1,0.8276084562665811,1
Disc Only,3,172_0.jpg,172,1,0.8768072792809504,1
Disc Only,3,172_1.jpg,172,1,0.8956962331941726,1
Disc Only,3,172_2.jpg,172,1,0.8514456195023185,1
Disc Only,3,172_3.jpg,172,1,0.8147634867243867,1
Disc Only,3,174_0.jpg,174,1,0.8814453204118615,1
Disc Only,3,178_0.jpg,178,1,0.7492298173538465,1
Disc Only,3,179_0.jpg,179,1,0.7621164951925772,1
Disc Only,3,179_1.jpg,179,1,0.721820461222706,1
Disc Only,3,179_2.jpg,179,1,0.6727549714417194,1
Disc Only,3,1_0.jpg,1,1,0.8557787980729405,1
Disc Only,3,1_1.jpg,1,1,0.8563223465491423,1
Disc Only,3,21_0.jpg,21,1,0.8263181630315163,1
Disc Only,3,21_1.jpg,21,1,0.8069247379098978,1
Disc Only,3,25_0.jpg,25,1,0.7745492954395955,1
Disc Only,3,25_1.jpg,25,1,0.5377044087679468,1
Disc Only,3,28_0.jpg,28,1,0.8491159077513227,1
Disc Only,3,28_1.jpg,28,1,0.7908942658371159,1
Disc Only,3,28_2.jpg,28,1,0.7928242470210257,1
Disc Only,3,28_3.jpg,28,1,0.7107220955255396,1
Disc Only,3,38_0.jpg,38,1,0.7604277317898958,1
Disc Only,3,39_0.jpg,39,1,0.5567119766945123,1
Disc Only,3,39_1.jpg,39,1,0.7455423667685538,1
Disc Only,3,39_2.jpg,39,1,0.46845707389546243,0
Disc Only,3,39_3.jpg,39,1,0.7523824675202273,1
Disc Only,3,44_0.jpg,44,1,0.8256240575329185,1
Disc Only,3,44_1.jpg,44,1,0.844600683826076,1
Disc Only,3,44_2.jpg,44,1,0.909846025036078,1
Disc Only,3,44_3.jpg,44,1,0.9330723393147395,1
Disc Only,3,44_4.jpg,44,1,0.6715065107545736,1
Disc Only,3,44_5.jpg,44,1,0.6778144806375291,1
Disc Only,3,44_6.jpg,44,1,0.8117195501161697,1
Disc Only,3,47_0.jpg,47,1,0.8576319214919564,1
Disc Only,3,47_1.jpg,47,1,0.9005741511656216,1
Disc Only,3,47_2.jpg,47,1,0.834059316240934,1
Disc Only,3,47_3.jpg,47,1,0.8536277773237647,1
Disc Only,3,47_4.jpg,47,1,0.8416911850502085,1
Disc Only,3,47_5.jpg,47,1,0.8436846626963654,1
Disc Only,3,47_6.jpg,47,1,0.8769980864617912,1
Disc Only,3,47_7.jpg,47,1,0.8621542810182501,1
Disc Only,3,48_0.jpg,48,1,0.8700427656319691,1
Disc Only,3,4_0.jpg,4,1,0.753877891469517,1
Disc Only,3,51_0.jpg,51,1,0.5643269377323877,1
Disc Only,3,53_0.jpg,53,1,0.8938097485902167,1
Disc Only,3,53_1.jpg,53,1,0.8557272478665249,1
Disc Only,3,53_2.jpg,53,1,0.8992121604312027,1
Disc Only,3,53_3.jpg,53,1,0.7216407853204672,1
Disc Only,3,53_4.jpg,53,1,0.8371525865114022,1
Disc Only,3,60_0.jpg,60,1,0.8283738664054777,1
Disc Only,3,69_0.jpg,69,1,0.8176710529191823,1
Disc Only,3,69_1.jpg,69,1,0.8572729407953993,1
Disc Only,3,72_0.jpg,72,1,0.7986286726836195,1
Disc Only,3,72_1.jpg,72,1,0.6281814634593936,1
Disc Only,3,72_2.jpg,72,1,0.711667103016489,1
Disc Only,3,72_3.jpg,72,1,0.7746015104817401,1
Disc Only,3,76_0.jpg,76,1,0.7501849202998805,1
Disc Only,3,76_1.jpg,76,1,0.8246701900749481,1
Disc Only,3,80_0.jpg,80,1,0.8024423409122053,1
Disc Only,3,80_1.jpg,80,1,0.740429365291954,1
Disc Only,3,80_2.jpg,80,1,0.9277205963483197,1
Disc Only,3,82_0.jpg,82,1,0.7423432032348061,1
Disc Only,3,82_1.jpg,82,1,0.8161158144857998,1
Disc Only,3,83_0.jpg,83,1,0.5222429359865616,1
Disc Only,3,83_1.jpg,83,1,0.8389317595177315,1
Disc Only,3,9_0.jpg,9,1,0.7102679030821484,1
Disc Only,3,9_1.jpg,9,1,0.721041073980005,1
Disc Only,4,188_0.jpg,188,0,0.6752544235779461,1
Disc Only,4,188_1.jpg,188,0,0.4033574303889553,0
Disc Only,4,189_0.jpg,189,0,0.7432905535660589,1
Disc Only,4,189_1.jpg,189,0,0.8567774303643637,1
Disc Only,4,189_2.jpg,189,0,0.35338553792636934,0
Disc Only,4,201_0.jpg,201,0,0.6217563721897014,1
Disc Only,4,201_1.jpg,201,0,0.5451846526282952,1
Disc Only,4,203_0.jpg,203,0,0.550071890751665,1
Disc Only,4,203_1.jpg,203,0,0.7142077590780564,1
Disc Only,4,210_0.jpg,210,0,0.6047989891557595,1
Disc Only,4,214_0.jpg,214,0,0.8336289548918505,1
Disc Only,4,214_1.jpg,214,0,0.413510681622132,0
Disc Only,4,214_2.jpg,214,0,0.790911771709448,1
Disc Only,4,214_3.jpg,214,0,0.2743798798373031,0
Disc Only,4,222_0.jpg,222,0,0.8867213520533739,1
Disc Only,4,222_1.jpg,222,0,0.34804195857185377,0
Disc Only,4,224_0.jpg,224,0,0.7318478516302378,1
Disc Only,4,224_1.jpg,224,0,0.4905806373733025,0
Disc Only,4,224_2.jpg,224,0,0.6207238904820463,1
Disc Only,4,224_3.jpg,224,0,0.5787815391377464,1
Disc Only,4,225_0.jpg,225,0,0.44289427369584905,0
Disc Only,4,225_1.jpg,225,0,0.38085504452223623,0
Disc Only,4,232_0.jpg,232,0,0.493092832010263,0
Disc Only,4,237_0.jpg,237,0,0.8409185933767183,1
Disc Only,4,237_1.jpg,237,0,0.8638194943700693,1
Disc Only,4,245_0.jpg,245,0,0.4924737273758674,0
Disc Only,4,245_1.jpg,245,0,0.8983257214069681,1
Disc Only,4,245_2.jpg,245,0,0.3425887654077556,0
Disc Only,4,247_0.jpg,247,0,0.7414121285745843,1
Disc Only,4,247_1.jpg,247,0,0.3747604341358596,0
Disc Only,4,254_0.jpg,254,0,0.6647895053091116,1
Disc Only,4,256_0.jpg,256,0,0.6363775320254882,1
Disc Only,4,256_1.jpg,256,0,0.568929229139566,1
Disc Only,4,259_0.jpg,259,0,0.25474506974357053,0
Disc Only,4,259_1.jpg,259,0,0.7736330503660009,1
Disc Only,4,259_2.jpg,259,0,0.6142387607045734,1
Disc Only,4,259_3.jpg,259,0,0.7682541829339811,1
Disc Only,4,259_4.jpg,259,0,0.6360504947651253,1
Disc Only,4,259_5.jpg,259,0,0.28804034890400315,0
Disc Only,4,265_0.jpg,265,0,0.4875191735172647,0
Disc Only,4,265_1.jpg,265,0,0.38085757713178536,0
Disc Only,4,269_0.jpg,269,0,0.6702823316236264,1
Disc Only,4,269_1.jpg,269,0,0.4997501888270246,0
Disc Only,4,280_0.jpg,280,0,0.26640394894146935,0
Disc Only,4,280_1.jpg,280,0,0.6801662767491018,1
Disc Only,4,285_0.jpg,285,0,0.8689143293271391,1
Disc Only,4,101_0.jpg,101,1,0.6523076283867263,1
Disc Only,4,109_0.jpg,109,1,0.7005033642035831,1
Disc Only,4,109_1.jpg,109,1,0.8390461476476943,1
Disc Only,4,109_2.jpg,109,1,0.7550688921809031,1
Disc Only,4,109_3.jpg,109,1,0.9200292786846029,1
Disc Only,4,109_4.jpg,109,1,0.8859285976539323,1
Disc Only,4,110_0.jpg,110,1,0.6558090063393849,1
Disc Only,4,110_1.jpg,110,1,0.7485161427816267,1
Disc Only,4,110_2.jpg,110,1,0.8277282319590792,1
Disc Only,4,121_0.jpg,121,1,0.6848490833907696,1
Disc Only,4,121_1.jpg,121,1,0.7321146316605883,1
Disc Only,4,121_2.jpg,121,1,0.8005384830305602,1
Disc Only,4,124_0.jpg,124,1,0.6846543037932088,1
Disc Only,4,127_0.jpg,127,1,0.8009535524477834,1
Disc Only,4,128_0.jpg,128,1,0.3074543535817574,0
Disc Only,4,133_0.jpg,133,1,0.7816716831921637,1
Disc Only,4,136_0.jpg,136,1,0.7029986880043918,1
Disc Only,4,136_1.jpg,136,1,0.7395748826497105,1
Disc Only,4,152_0.jpg,152,1,0.8190227200870741,1
Disc Only,4,154_0.jpg,154,1,0.8810217305634152,1
Disc Only,4,154_1.jpg,154,1,0.7023850769317349,1
Disc Only,4,154_2.jpg,154,1,0.8580460127936695,1
Disc Only,4,154_3.jpg,154,1,0.6862503456770167,1
Disc Only,4,154_4.jpg,154,1,0.9022321418924144,1
Disc Only,4,154_5.jpg,154,1,0.6256823193958552,1
Disc Only,4,155_0.jpg,155,1,0.8772104289749316,1
Disc Only,4,155_1.jpg,155,1,0.8423080776228538,1
Disc Only,4,155_2.jpg,155,1,0.5917488333466537,1
Disc Only,4,155_3.jpg,155,1,0.7143885239596328,1
Disc Only,4,159_0.jpg,159,1,0.7199218725803437,1
Disc Only,4,159_1.jpg,159,1,0.7467284058291126,1
Disc Only,4,15_0.jpg,15,1,0.6041531237687255,1
Disc Only,4,163_0.jpg,163,1,0.8890369751520333,1
Disc Only,4,163_1.jpg,163,1,0.629353759030744,1
Disc Only,4,163_2.jpg,163,1,0.7882645399487407,1
Disc Only,4,163_3.jpg,163,1,0.9435171931367208,1
Disc Only,4,163_4.jpg,163,1,0.9655590514682649,1
Disc Only,4,170_0.jpg,170,1,0.7886752319922004,1
Disc Only,4,170_1.jpg,170,1,0.8994758305410683,1
Disc Only,4,170_2.jpg,170,1,0.7857284130915687,1
Disc Only,4,170_3.jpg,170,1,0.8045818857198013,1
Disc Only,4,170_4.jpg,170,1,0.6840630442007921,1
Disc Only,4,170_5.jpg,170,1,0.9174993274078079,1
Disc Only,4,17_0.jpg,17,1,0.7601972989459247,1
Disc Only,4,17_1.jpg,17,1,0.62157389199126,1
Disc Only,4,17_2.jpg,17,1,0.7954507650785685,1
Disc Only,4,17_3.jpg,17,1,0.8200896402889292,1
Disc Only,4,17_4.jpg,17,1,0.6202953062372515,1
Disc Only,4,17_5.jpg,17,1,0.6790196735048756,1
Disc Only,4,183_0.jpg,183,1,0.8431182185115083,1
Disc Only,4,183_1.jpg,183,1,0.8174549958467374,1
Disc Only,4,183_2.jpg,183,1,0.7761581839429147,1
Disc Only,4,183_3.jpg,183,1,0.7779750353883272,1
Disc Only,4,183_4.jpg,183,1,0.7802324523650629,1
Disc Only,4,183_5.jpg,183,1,0.8524938081398072,1
Disc Only,4,183_6.jpg,183,1,0.7939580764779737,1
Disc Only,4,183_7.jpg,183,1,0.8771499115414527,1
Disc Only,4,27_0.jpg,27,1,0.629443161212691,1
Disc Only,4,27_1.jpg,27,1,0.833860714960098,1
Disc Only,4,2_0.jpg,2,1,0.7617406820772987,1
Disc Only,4,2_1.jpg,2,1,0.7948234518620978,1
Disc Only,4,33_0.jpg,33,1,0.8127628548347584,1
Disc Only,4,33_1.jpg,33,1,0.8910480304591067,1
Disc Only,4,36_0.jpg,36,1,0.9146786494910901,1
Disc Only,4,36_1.jpg,36,1,0.660184267702653,1
Disc Only,4,36_10.jpg,36,1,0.8026320780107629,1
Disc Only,4,36_11.jpg,36,1,0.3958087713693368,0
Disc Only,4,36_2.jpg,36,1,0.9096916911810911,1
Disc Only,4,36_3.jpg,36,1,0.46908828563341926,0
Disc Only,4,36_4.jpg,36,1,0.8085125417123753,1
Disc Only,4,36_5.jpg,36,1,0.5146993116559003,1
Disc Only,4,36_6.jpg,36,1,0.923750854330478,1
Disc Only,4,36_7.jpg,36,1,0.5274678280362282,1
Disc Only,4,36_8.jpg,36,1,0.7805583076723123,1
Disc Only,4,36_9.jpg,36,1,0.9262619473250612,1
Disc Only,4,3_0.jpg,3,1,0.7765452227925576,1
Disc Only,4,3_1.jpg,3,1,0.7202501051558201,1
Disc Only,4,40_0.jpg,40,1,0.8342896939701779,1
Disc Only,4,40_1.jpg,40,1,0.7451953235885543,1
Disc Only,4,42_0.jpg,42,1,0.8045955895154887,1
Disc Only,4,42_1.jpg,42,1,0.7824148160129424,1
Disc Only,4,42_2.jpg,42,1,0.8239739561235939,1
Disc Only,4,42_3.jpg,42,1,0.5843721305386907,1
Disc Only,4,45_0.jpg,45,1,0.9327512166007537,1
Disc Only,4,49_0.jpg,49,1,0.811627892395203,1
Disc Only,4,49_1.jpg,49,1,0.9246810568274978,1
Disc Only,4,56_0.jpg,56,1,0.7474130820610234,1
Disc Only,4,56_1.jpg,56,1,0.7474130820610234,1
Disc Only,4,56_2.jpg,56,1,0.1056657562081404,0
Disc Only,4,56_3.jpg,56,1,0.7060180534708727,1
Disc Only,4,65_0.jpg,65,1,0.6143330561572791,1
Disc Only,4,65_1.jpg,65,1,0.7407278691105096,1
Disc Only,4,65_2.jpg,65,1,0.8794374901371558,1
Disc Only,4,65_3.jpg,65,1,0.8006233088655239,1
Disc Only,4,65_4.jpg,65,1,0.799780891006729,1
Disc Only,4,65_5.jpg,65,1,0.6558090063393849,1
Disc Only,4,65_6.jpg,65,1,0.6513099042527136,1
Disc Only,4,65_7.jpg,65,1,0.7665882423090333,1
Disc Only,4,66_0.jpg,66,1,0.6537025529107767,1
Disc Only,4,66_1.jpg,66,1,0.8545481824046043,1
Disc Only,4,66_2.jpg,66,1,0.8887993168126124,1
Disc Only,4,66_3.jpg,66,1,0.8107816023447644,1
Disc Only,4,66_4.jpg,66,1,0.6688736600552414,1
Disc Only,4,66_5.jpg,66,1,0.8265872197047385,1
Disc Only,4,70_0.jpg,70,1,0.9354642544785442,1
Disc Only,4,70_1.jpg,70,1,0.7538815804809128,1
Disc Only,4,70_2.jpg,70,1,0.8001324921952773,1
Disc Only,4,74_0.jpg,74,1,0.8950889572151318,1
Disc Only,4,74_1.jpg,74,1,0.70972406702349,1
Disc Only,4,77_0.jpg,77,1,0.7326062258438923,1
Disc Only,4,77_1.jpg,77,1,0.611797378322276,1
Disc Only,4,77_2.jpg,77,1,0.8675115103213734,1
Disc Only,4,77_3.jpg,77,1,0.6063294012325241,1
Disc Only,4,7_0.jpg,7,1,0.5884913419564921,1
Disc Only,4,91_0.jpg,91,1,0.8509811361191933,1
Disc Only,4,91_1.jpg,91,1,0.9419311129136457,1
Disc Only,4,91_2.jpg,91,1,0.7618309759201081,1
Disc Only,4,91_3.jpg,91,1,0.7205374862461202,1
Disc Only,4,91_4.jpg,91,1,0.8046265300940807,1
Disc Only,4,91_5.jpg,91,1,0.818248937366542,1
Disc Only,4,91_6.jpg,91,1,0.9373852712850855,1
Disc Only,4,91_7.jpg,91,1,0.9057515427812521,1
Disc Only,4,95_0.jpg,95,1,0.8645067773678475,1
Disc Only,4,95_1.jpg,95,1,0.8121091015088362,1
Disc Only,4,99_0.jpg,99,1,0.5655452168812084,1
Disc Only,4,99_1.jpg,99,1,0.8562154315833738,1
Disc Only,4,99_2.jpg,99,1,0.5626314813347058,1
Disc Only,4,99_3.jpg,99,1,0.8094364686673812,1
Disc Only,4,99_4.jpg,99,1,0.8126068698733406,1
Disc Only,4,99_5.jpg,99,1,0.855612472716524,1
Disc Only,5,193_0.jpg,193,0,0.7619898503228317,1
Disc Only,5,193_1.jpg,193,0,0.7970623688906926,1
Disc Only,5,199_0.jpg,199,0,0.2139641711649672,0
Disc Only,5,199_1.jpg,199,0,0.15856588414404152,0
Disc Only,5,200_0.jpg,200,0,0.4351614689307143,0
Disc Only,5,200_1.jpg,200,0,0.8641158212812694,1
Disc Only,5,200_2.jpg,200,0,0.8743438783712193,1
Disc Only,5,200_3.jpg,200,0,0.5935392262269441,1
Disc Only,5,207_0.jpg,207,0,0.6160905736274408,1
Disc Only,5,207_1.jpg,207,0,0.30578913987927303,0
Disc Only,5,207_2.jpg,207,0,0.5408862631147822,1
Disc Only,5,212_0.jpg,212,0,0.4212365223845241,0
Disc Only,5,217_0.jpg,217,0,0.25952819419667833,0
Disc Only,5,219_0.jpg,219,0,0.6752396212368046,1
Disc Only,5,219_1.jpg,219,0,0.7523063750290528,1
Disc Only,5,219_2.jpg,219,0,0.3352369256584113,0
Disc Only,5,228_0.jpg,228,0,0.34776895188839424,0
Disc Only,5,235_0.jpg,235,0,0.2786517287231929,0
Disc Only,5,249_0.jpg,249,0,0.8424004459074133,1
Disc Only,5,249_1.jpg,249,0,0.3472713564471778,0
Disc Only,5,249_2.jpg,249,0,0.8419451122169371,1
Disc Only,5,249_3.jpg,249,0,0.773218363254976,1
Disc Only,5,251_0.jpg,251,0,0.8010910854949711,1
Disc Only,5,258_0.jpg,258,0,0.2869658929381645,0
Disc Only,5,258_1.jpg,258,0,0.3244613347944164,0
Disc Only,5,263_0.jpg,263,0,0.8149399045200921,1
Disc Only,5,267_0.jpg,267,0,0.3336610308362431,0
Disc Only,5,270_0.jpg,270,0,0.25601626037753555,0
Disc Only,5,270_1.jpg,270,0,0.29437016347569145,0
Disc Only,5,278_0.jpg,278,0,0.8747035419699732,1
Disc Only,5,278_1.jpg,278,0,0.41160649224595935,0
Disc Only,5,279_0.jpg,279,0,0.9129762827747936,1
Disc Only,5,279_1.jpg,279,0,0.7991926436406068,1
Disc Only,5,281_0.jpg,281,0,0.8892806928102671,1
Disc Only,5,281_1.jpg,281,0,0.7494949612249847,1
Disc Only,5,282_0.jpg,282,0,0.5349879206740092,1
Disc Only,5,282_1.jpg,282,0,0.3538211755271716,0
Disc Only,5,287_0.jpg,287,0,0.846781503092825,1
Disc Only,5,287_1.jpg,287,0,0.8888926616054194,1
Disc Only,5,104_0.jpg,104,1,0.7722534850853343,1
Disc Only,5,104_1.jpg,104,1,0.8290605983459663,1
Disc Only,5,104_2.jpg,104,1,0.9124907313861939,1
Disc Only,5,104_3.jpg,104,1,0.8200324243135084,1
Disc Only,5,104_4.jpg,104,1,0.8833741779887951,1
Disc Only,5,104_5.jpg,104,1,0.9001120167975967,1
Disc Only,5,104_6.jpg,104,1,0.896181474496833,1
Disc Only,5,118_0.jpg,118,1,0.5413315377448513,1
Disc Only,5,118_1.jpg,118,1,0.8874585113514434,1
Disc Only,5,11_0.jpg,11,1,0.9072455377992834,1
Disc Only,5,120_0.jpg,120,1,0.8254374738099501,1
Disc Only,5,120_1.jpg,120,1,0.9419146035941742,1
Disc Only,5,123_0.jpg,123,1,0.8985510559045662,1
Disc Only,5,123_1.jpg,123,1,0.9112120556580762,1
Disc Only,5,123_2.jpg,123,1,0.710859423327139,1
Disc Only,5,129_0.jpg,129,1,0.7045648926048574,1
Disc Only,5,129_1.jpg,129,1,0.8668790821313516,1
Disc Only,5,129_2.jpg,129,1,0.8943129011490405,1
Disc Only,5,135_0.jpg,135,1,0.9265693809444113,1
Disc Only,5,135_1.jpg,135,1,0.8772108023799242,1
Disc Only,5,135_2.jpg,135,1,0.6729644550690427,1
Disc Only,5,135_3.jpg,135,1,0.7836878660960274,1
Disc Only,5,135_4.jpg,135,1,0.8142905857012398,1
Disc Only,5,13_0.jpg,13,1,0.5083256987083267,1
Disc Only,5,13_1.jpg,13,1,0.7793912544811711,1
Disc Only,5,140_0.jpg,140,1,0.7222068006580252,1
Disc Only,5,140_1.jpg,140,1,0.8385388726357463,1
Disc Only,5,140_2.jpg,140,1,0.9347230557107612,1
Disc Only,5,142_0.jpg,142,1,0.8489526420740531,1
Disc Only,5,146_0.jpg,146,1,0.7541645985692288,1
Disc Only,5,147_0.jpg,147,1,0.8736679422005416,1
Disc Only,5,147_1.jpg,147,1,0.8101076000818267,1
Disc Only,5,148_0.jpg,148,1,0.8424137521330484,1
Disc Only,5,148_1.jpg,148,1,0.8424137521330484,1
Disc Only,5,148_2.jpg,148,1,0.8158203521906227,1
Disc Only,5,148_3.jpg,148,1,0.8350231501614149,1
Disc Only,5,167_0.jpg,167,1,0.7171441194619571,1
Disc Only,5,167_1.jpg,167,1,0.9270612347208218,1
Disc Only,5,176_0.jpg,176,1,0.8837484576408372,1
Disc Only,5,176_1.jpg,176,1,0.7928336706478502,1
Disc Only,5,176_2.jpg,176,1,0.827416521405192,1
Disc Only,5,180_0.jpg,180,1,0.660880568753878,1
Disc Only,5,180_1.jpg,180,1,0.8378474895098222,1
Disc Only,5,180_2.jpg,180,1,0.7732156042064271,1
Disc Only,5,180_3.jpg,180,1,0.5995589259359168,1
Disc Only,5,180_4.jpg,180,1,0.790203351397355,1
Disc Only,5,180_5.jpg,180,1,0.8092018007911489,1
Disc Only,5,186_0.jpg,186,1,0.6652528205177589,1
Disc Only,5,186_1.jpg,186,1,0.7996458019969375,1
Disc Only,5,186_2.jpg,186,1,0.7641007370420955,1
Disc Only,5,18_0.jpg,18,1,0.6339265927343807,1
Disc Only,5,18_1.jpg,18,1,0.7637046068864897,1
Disc Only,5,18_2.jpg,18,1,0.6045143595752084,1
Disc Only,5,18_3.jpg,18,1,0.9125147017617827,1
Disc Only,5,18_4.jpg,18,1,0.8697316977988777,1
Disc Only,5,20_0.jpg,20,1,0.6198580852479125,1
Disc Only,5,20_1.jpg,20,1,0.6951876433814658,1
Disc Only,5,22_0.jpg,22,1,0.8480498527286033,1
Disc Only,5,22_1.jpg,22,1,0.7980360913258063,1
Disc Only,5,30_0.jpg,30,1,0.7912012932225407,1
Disc Only,5,31_0.jpg,31,1,0.7721975978926443,1
Disc Only,5,31_1.jpg,31,1,0.6527651220375305,1
Disc Only,5,31_2.jpg,31,1,0.9127198606054825,1
Disc Only,5,31_3.jpg,31,1,0.8500990995119566,1
Disc Only,5,31_4.jpg,31,1,0.8732882210962429,1
Disc Only,5,31_5.jpg,31,1,0.7736729270053455,1
Disc Only,5,31_6.jpg,31,1,0.6077586715285793,1
Disc Only,5,34_0.jpg,34,1,0.8574563051389115,1
Disc Only,5,34_1.jpg,34,1,0.8792523105790461,1
Disc Only,5,34_2.jpg,34,1,0.8360723586441544,1
Disc Only,5,34_3.jpg,34,1,0.8602447697285015,1
Disc Only,5,41_0.jpg,41,1,0.7583424978773388,1
Disc Only,5,43_0.jpg,43,1,0.7719320987089773,1
Disc Only,5,43_1.jpg,43,1,0.9522558501100921,1
Disc Only,5,43_2.jpg,43,1,0.8450065245252102,1
Disc Only,5,43_3.jpg,43,1,0.9606151301044753,1
Disc Only,5,46_0.jpg,46,1,0.8005650407808279,1
Disc Only,5,46_1.jpg,46,1,0.9318002695496875,1
Disc Only,5,54_0.jpg,54,1,0.7989800216533018,1
Disc Only,5,54_1.jpg,54,1,0.7475025755071227,1
Disc Only,5,54_2.jpg,54,1,0.7153910590509699,1
Disc Only,5,54_3.jpg,54,1,0.733266070026135,1
Disc Only,5,55_0.jpg,55,1,0.7202696837426558,1
Disc Only,5,55_1.jpg,55,1,0.8235528092734421,1
Disc Only,5,55_2.jpg,55,1,0.8341286524512378,1
Disc Only,5,55_3.jpg,55,1,0.4026972867516631,0
Disc Only,5,55_4.jpg,55,1,0.666507814648717,1
Disc Only,5,57_0.jpg,57,1,0.8277057443230141,1
Disc Only,5,57_1.jpg,57,1,0.7923145780843608,1
Disc Only,5,57_2.jpg,57,1,0.6648574910190636,1
Disc Only,5,5_0.jpg,5,1,0.9348025527302728,1
Disc Only,5,5_1.jpg,5,1,0.8407069362802525,1
Disc Only,5,67_0.jpg,67,1,0.3665504439252993,0
Disc Only,5,78_0.jpg,78,1,0.808039765300069,1
Disc Only,5,78_1.jpg,78,1,0.8993712756531329,1
Disc Only,5,86_0.jpg,86,1,0.8540570036578973,1
Disc Only,5,86_1.jpg,86,1,0.8540570036578973,1
Disc Only,5,88_0.jpg,88,1,0.9213392722862892,1
Disc Only,5,89_0.jpg,89,1,0.8271434264590583,1
Disc Only,5,97_0.jpg,97,1,0.9213280733276528,1
Disc Only,5,98_0.jpg,98,1,0.8084846225722743,1
Vessel Only,1,195_0.jpg,195,0,0.6110157987286073,1
Vessel Only,1,195_1.jpg,195,0,0.8985335709980427,1
Vessel Only,1,195_2.jpg,195,0,0.30546445684138535,0
Vessel Only,1,196_0.jpg,196,0,0.6772133362703165,1
Vessel Only,1,197_0.jpg,197,0,0.3569364548849186,0
Vessel Only,1,202_0.jpg,202,0,0.7077476835341561,1
Vessel Only,1,202_1.jpg,202,0,0.24071370947004714,0
Vessel Only,1,205_0.jpg,205,0,0.32030217284300005,0
Vessel Only,1,205_1.jpg,205,0,0.21579104041969074,0
Vessel Only,1,213_0.jpg,213,0,0.0998264140750545,0
Vessel Only,1,216_0.jpg,216,0,0.9156708123124494,1
Vessel Only,1,218_0.jpg,218,0,0.6585185768521827,1
Vessel Only,1,223_0.jpg,223,0,0.585256498863523,1
Vessel Only,1,223_1.jpg,223,0,0.12621313279191823,0
Vessel Only,1,223_2.jpg,223,0,0.651539948013257,1
Vessel Only,1,227_0.jpg,227,0,0.2707150396467565,0
Vessel Only,1,227_1.jpg,227,0,0.8990003818312947,1
Vessel Only,1,227_2.jpg,227,0,0.9207797821318838,1
Vessel Only,1,227_3.jpg,227,0,0.844235059760781,1
Vessel Only,1,227_4.jpg,227,0,0.8374664928608075,1
Vessel Only,1,230_0.jpg,230,0,0.6963775049512775,1
Vessel Only,1,230_1.jpg,230,0,0.11004391647401458,0
Vessel Only,1,234_0.jpg,234,0,0.7675840411930197,1
Vessel Only,1,234_1.jpg,234,0,0.8688350955182562,1
Vessel Only,1,239_0.jpg,239,0,0.39717193967792697,0
Vessel Only,1,239_1.jpg,239,0,0.13780563798309756,0
Vessel Only,1,241_0.jpg,241,0,0.5669889071494183,1
Vessel Only,1,241_1.jpg,241,0,0.5125726388611159,1
Vessel Only,1,241_2.jpg,241,0,0.38197360495036237,0
Vessel Only,1,242_0.jpg,242,0,0.5791740897684861,1
Vessel Only,1,244_0.jpg,244,0,0.8605500724207008,1
Vessel Only,1,244_1.jpg,244,0,0.2715935591463329,0
Vessel Only,1,246_0.jpg,246,0,0.3920481802159593,0
Vessel Only,1,273_0.jpg,273,0,0.5178653922255446,1
Vessel Only,1,276_0.jpg,276,0,0.39708014319721,0
Vessel Only,1,276_1.jpg,276,0,0.42614867968899683,0
Vessel Only,1,276_2.jpg,276,0,0.378088807957399,0
Vessel Only,1,283_0.jpg,283,0,0.9031529377651928,1
Vessel Only,1,283_1.jpg,283,0,0.7908902345670132,1
Vessel Only,1,286_0.jpg,286,0,0.6060840955650366,1
Vessel Only,1,286_1.jpg,286,0,0.3698826691589555,0
Vessel Only,1,0_0.jpg,0,1,0.75174372974367,1
Vessel Only,1,100_0.jpg,100,1,0.13426260391278544,0
Vessel Only,1,100_1.jpg,100,1,0.47832091358691564,0
Vessel Only,1,100_2.jpg,100,1,0.7466618449012181,1
Vessel Only,1,100_3.jpg,100,1,0.6403371288701354,1
Vessel Only,1,100_4.jpg,100,1,0.7796912400668071,1
Vessel Only,1,100_5.jpg,100,1,0.4410113030760193,0
Vessel Only,1,100_6.jpg,100,1,0.7832167628303391,1
Vessel Only,1,100_7.jpg,100,1,0.783651448508338,1
Vessel Only,1,100_8.jpg,100,1,0.4210175075799477,0
Vessel Only,1,100_9.jpg,100,1,0.827679502263174,1
Vessel Only,1,102_0.jpg,102,1,0.9191228422320353,1
Vessel Only,1,102_1.jpg,102,1,0.9116759474798607,1
Vessel Only,1,108_0.jpg,108,1,0.43638252550897855,0
Vessel Only,1,108_1.jpg,108,1,0.31095726196395346,0
Vessel Only,1,108_2.jpg,108,1,0.6125027094136728,1
Vessel Only,1,108_3.jpg,108,1,0.8164160903981044,1
Vessel Only,1,108_4.jpg,108,1,0.3263454811479531,0
Vessel Only,1,112_0.jpg,112,1,0.7925926494816145,1
Vessel Only,1,112_1.jpg,112,1,0.8627554030788752,1
Vessel Only,1,112_2.jpg,112,1,0.8088813764909691,1
Vessel Only,1,113_0.jpg,113,1,0.803101109029363,1
Vessel Only,1,114_0.jpg,114,1,0.9727564271701087,1
Vessel Only,1,114_1.jpg,114,1,0.7708513372357874,1
Vessel Only,1,114_2.jpg,114,1,0.9769157715249647,1
Vessel Only,1,117_0.jpg,117,1,0.8294241289679677,1
Vessel Only,1,137_0.jpg,137,1,0.7725446424546328,1
Vessel Only,1,138_0.jpg,138,1,0.6747753274146278,1
Vessel Only,1,138_1.jpg,138,1,0.7801951199345798,1
Vessel Only,1,138_2.jpg,138,1,0.7385472848004941,1
Vessel Only,1,139_0.jpg,139,1,0.7936397523266742,1
Vessel Only,1,139_1.jpg,139,1,0.9083436474958262,1
Vessel Only,1,139_2.jpg,139,1,0.8640792988067593,1
Vessel Only,1,143_0.jpg,143,1,0.6501113604810423,1
Vessel Only,1,143_1.jpg,143,1,0.5858486815292722,1
Vessel Only,1,143_2.jpg,143,1,0.4866222791745692,0
Vessel Only,1,143_3.jpg,143,1,0.4467474339375282,0
Vessel Only,1,143_4.jpg,143,1,0.6552152101345005,1
Vessel Only,1,149_0.jpg,149,1,0.846761880459179,1
Vessel Only,1,153_0.jpg,153,1,0.7217267507809584,1
Vessel Only,1,153_1.jpg,153,1,0.684265091244377,1
Vessel Only,1,153_2.jpg,153,1,0.7936421490547366,1
Vessel Only,1,153_3.jpg,153,1,0.48569659651248154,0
Vessel Only,1,158_0.jpg,158,1,0.9074588829628987,1
Vessel Only,1,158_1.jpg,158,1,0.9102073729780044,1
Vessel Only,1,160_0.jpg,160,1,0.5316508502039282,1
Vessel Only,1,160_1.jpg,160,1,0.7271714947608483,1
Vessel Only,1,161_0.jpg,161,1,0.8926379222167685,1
Vessel Only,1,165_0.jpg,165,1,0.6258763546312719,1
Vessel Only,1,165_1.jpg,165,1,0.8276889047690793,1
Vessel Only,1,165_2.jpg,165,1,0.7036316996861348,1
Vessel Only,1,175_0.jpg,175,1,0.73968559415272,1
Vessel Only,1,175_1.jpg,175,1,0.8247956086854651,1
Vessel Only,1,184_0.jpg,184,1,0.7393273818483647,1
Vessel Only,1,184_1.jpg,184,1,0.6890237288962793,1
Vessel Only,1,23_0.jpg,23,1,0.35138930072847474,0
Vessel Only,1,23_1.jpg,23,1,0.6428632140051892,1
Vessel Only,1,26_0.jpg,26,1,0.7215577911061614,1
Vessel Only,1,26_1.jpg,26,1,0.7342386422027019,1
Vessel Only,1,32_0.jpg,32,1,0.647821557187637,1
Vessel Only,1,32_1.jpg,32,1,0.5830948642409435,1
Vessel Only,1,32_2.jpg,32,1,0.6636699433857908,1
Vessel Only,1,37_0.jpg,37,1,0.9261784440451776,1
Vessel Only,1,50_0.jpg,50,1,0.6079102465133159,1
Vessel Only,1,50_1.jpg,50,1,0.7271991080904003,1
Vessel Only,1,50_2.jpg,50,1,0.7832996981914724,1
Vessel Only,1,62_0.jpg,62,1,0.9037623523916933,1
Vessel Only,1,62_1.jpg,62,1,0.8773573023007145,1
Vessel Only,1,62_2.jpg,62,1,0.8790927997738491,1
Vessel Only,1,62_3.jpg,62,1,0.8437881146313896,1
Vessel Only,1,62_4.jpg,62,1,0.6974528714137207,1
Vessel Only,1,62_5.jpg,62,1,0.7979087743351926,1
Vessel Only,1,63_0.jpg,63,1,0.9848482993654188,1
Vessel Only,1,63_1.jpg,63,1,0.8666329626066076,1
Vessel Only,1,63_2.jpg,63,1,0.9591359188174192,1
Vessel Only,1,63_3.jpg,63,1,0.9003647205566396,1
Vessel Only,1,63_4.jpg,63,1,0.8885577199989673,1
Vessel Only,1,63_5.jpg,63,1,0.9435474022899445,1
Vessel Only,1,63_6.jpg,63,1,0.9791531497630248,1
Vessel Only,1,64_0.jpg,64,1,0.7837452059242099,1
Vessel Only,1,64_1.jpg,64,1,0.9677264727906436,1
Vessel Only,1,64_2.jpg,64,1,0.705023256749343,1
Vessel Only,1,64_3.jpg,64,1,0.5493614623213449,1
Vessel Only,1,64_4.jpg,64,1,0.8698332192889479,1
Vessel Only,1,73_0.jpg,73,1,0.632821260949416,1
Vessel Only,1,73_1.jpg,73,1,0.7832301146385141,1
Vessel Only,1,73_2.jpg,73,1,0.45059819406629914,0
Vessel Only,1,73_3.jpg,73,1,0.6275255037913232,1
Vessel Only,1,75_0.jpg,75,1,0.940414480587618,1
Vessel Only,1,75_1.jpg,75,1,0.8373993075983417,1
Vessel Only,1,75_2.jpg,75,1,0.8579211329277356,1
Vessel Only,1,79_0.jpg,79,1,0.8498974045413141,1
Vessel Only,1,79_1.jpg,79,1,0.768342692493551,1
Vessel Only,1,81_0.jpg,81,1,0.95869183109717,1
Vessel Only,1,81_1.jpg,81,1,0.8264397998741153,1
Vessel Only,1,81_2.jpg,81,1,0.9189818667348909,1
Vessel Only,1,84_0.jpg,84,1,0.8644551401989284,1
Vessel Only,1,84_1.jpg,84,1,0.1135688867837963,0
Vessel Only,1,8_0.jpg,8,1,0.9299121190997367,1
Vessel Only,1,8_1.jpg,8,1,0.7649496943376441,1
Vessel Only,1,8_2.jpg,8,1,0.9161609029324853,1
Vessel Only,1,8_3.jpg,8,1,0.7014588381624897,1
Vessel Only,1,92_0.jpg,92,1,0.6919530043681731,1
Vessel Only,1,92_1.jpg,92,1,0.7438240342821593,1
Vessel Only,1,94_0.jpg,94,1,0.7644887777744749,1
Vessel Only,1,94_1.jpg,94,1,0.7644887777744749,1
Vessel Only,1,94_2.jpg,94,1,0.8724259226357881,1
Vessel Only,1,94_3.jpg,94,1,0.7539168031561799,1
Vessel Only,1,96_0.jpg,96,1,0.7571300692760391,1
Vessel Only,1,96_1.jpg,96,1,0.7234362580319988,1
Vessel Only,1,96_2.jpg,96,1,0.7128440273335102,1
Vessel Only,2,187_0.jpg,187,0,0.420903651634457,0
Vessel Only,2,192_0.jpg,192,0,0.5041585824009239,1
Vessel Only,2,192_1.jpg,192,0,0.30067738105893405,0
Vessel Only,2,198_0.jpg,198,0,0.18864760951501505,0
Vessel Only,2,204_0.jpg,204,0,0.3638083806969133,0
Vessel Only,2,204_1.jpg,204,0,0.608084320108831,1
Vessel Only,2,206_0.jpg,206,0,0.6152776859473889,1
Vessel Only,2,209_0.jpg,209,0,0.5421185266800507,1
Vessel Only,2,215_0.jpg,215,0,0.8720818721309711,1
Vessel Only,2,215_1.jpg,215,0,0.7913374412124357,1
Vessel Only,2,215_2.jpg,215,0,0.7107947201534686,1
Vessel Only,2,215_3.jpg,215,0,0.8738096161788229,1
Vessel Only,2,221_0.jpg,221,0,0.7853851357651555,1
Vessel Only,2,226_0.jpg,226,0,0.7873180909543156,1
Vessel Only,2,226_1.jpg,226,0,0.7899531997972118,1
Vessel Only,2,229_0.jpg,229,0,0.807530210666148,1
Vessel Only,2,229_1.jpg,229,0,0.8473421574726945,1
Vessel Only,2,233_0.jpg,233,0,0.5717807661708837,1
Vessel Only,2,236_0.jpg,236,0,0.4034459597477064,0
Vessel Only,2,240_0.jpg,240,0,0.7949461669013452,1
Vessel Only,2,240_1.jpg,240,0,0.7217272654412463,1
Vessel Only,2,240_2.jpg,240,0,0.773529658630021,1
Vessel Only,2,243_0.jpg,243,0,0.7964288553655233,1
Vessel Only,2,243_1.jpg,243,0,0.9390406895489914,1
Vessel Only,2,248_0.jpg,248,0,0.7090745937523704,1
Vessel Only,2,260_0.jpg,260,0,0.19044260883626996,0
Vessel Only,2,266_0.jpg,266,0,0.8138133347285086,1
Vessel Only,2,271_0.jpg,271,0,0.39105603287410107,0
Vessel Only,2,272_0.jpg,272,0,0.5724834079086473,1
Vessel Only,2,272_1.jpg,272,0,0.583182428768252,1
Vessel Only,2,275_0.jpg,275,0,0.9293978018374724,1
Vessel Only,2,275_1.jpg,275,0,0.7046508145338598,1
Vessel Only,2,275_2.jpg,275,0,0.31680709584887007,0
Vessel Only,2,277_0.jpg,277,0,0.7244618056406381,1
Vessel Only,2,277_1.jpg,277,0,0.9209550024686606,1
Vessel Only,2,277_2.jpg,277,0,0.8883756118793635,1
Vessel Only,2,103_0.jpg,103,1,0.856988145387671,1
Vessel Only,2,103_1.jpg,103,1,0.95167517332092,1
Vessel Only,2,106_0.jpg,106,1,0.6024348439404591,1
Vessel Only,2,111_0.jpg,111,1,0.7959820307965211,1
Vessel Only,2,115_0.jpg,115,1,0.8736517409655019,1
Vessel Only,2,115_1.jpg,115,1,0.8465483919627627,1
Vessel Only,2,116_0.jpg,116,1,0.8080036789127424,1
Vessel Only,2,116_1.jpg,116,1,0.8565926344922522,1
Vessel Only,2,119_0.jpg,119,1,0.8753404774311027,1
Vessel Only,2,119_1.jpg,119,1,0.8852616548472334,1
Vessel Only,2,126_0.jpg,126,1,0.7282167731458778,1
Vessel Only,2,126_1.jpg,126,1,0.7841139259037052,1
Vessel Only,2,130_0.jpg,130,1,0.8789891927448743,1
Vessel Only,2,132_0.jpg,132,1,0.8479564028104534,1
Vessel Only,2,132_1.jpg,132,1,0.854608103843838,1
Vessel Only,2,145_0.jpg,145,1,0.5864225474741468,1
Vessel Only,2,145_1.jpg,145,1,0.7978806660027705,1
Vessel Only,2,145_2.jpg,145,1,0.771467921661487,1
Vessel Only,2,150_0.jpg,150,1,0.8417526504083525,1
Vessel Only,2,150_1.jpg,150,1,0.8138154759835909,1
Vessel Only,2,150_10.jpg,150,1,0.6998785177115233,1
Vessel Only,2,150_11.jpg,150,1,0.7257124296822306,1
Vessel Only,2,150_12.jpg,150,1,0.7891537093376495,1
Vessel Only,2,150_13.jpg,150,1,0.6246201488494111,1
Vessel Only,2,150_2.jpg,150,1,0.6225357134815686,1
Vessel Only,2,150_3.jpg,150,1,0.8344372652482316,1
Vessel Only,2,150_4.jpg,150,1,0.8503016987089468,1
Vessel Only,2,150_5.jpg,150,1,0.8549230137101265,1
Vessel Only,2,150_6.jpg,150,1,0.7184425459931358,1
Vessel Only,2,150_7.jpg,150,1,0.8944544529038538,1
Vessel Only,2,150_8.jpg,150,1,0.7593408054791239,1
Vessel Only,2,150_9.jpg,150,1,0.75625636731439,1
Vessel Only,2,151_0.jpg,151,1,0.8155677442123088,1
Vessel Only,2,151_1.jpg,151,1,0.846675815666714,1
Vessel Only,2,151_2.jpg,151,1,0.8704186163373576,1
Vessel Only,2,151_3.jpg,151,1,0.5520251876629932,1
Vessel Only,2,151_4.jpg,151,1,0.7287586275589426,1
Vessel Only,2,156_0.jpg,156,1,0.7039736391234384,1
Vessel Only,2,157_0.jpg,157,1,0.45825515844931325,0
Vessel Only,2,157_1.jpg,157,1,0.6309632099684349,1
Vessel Only,2,157_2.jpg,157,1,0.6184328003002705,1
Vessel Only,2,157_3.jpg,157,1,0.2925766162475429,0
Vessel Only,2,162_0.jpg,162,1,0.8841484541791296,1
Vessel Only,2,162_1.jpg,162,1,0.7565743542027354,1
Vessel Only,2,164_0.jpg,164,1,0.8232285401246109,1
Vessel Only,2,164_1.jpg,164,1,0.5247491909728575,1
Vessel Only,2,164_2.jpg,164,1,0.7943269357096705,1
Vessel Only,2,164_3.jpg,164,1,0.5624444586009374,1
Vessel Only,2,168_0.jpg,168,1,0.44730713277579226,0
Vessel Only,2,168_1.jpg,168,1,0.40133943806136274,0
Vessel Only,2,168_2.jpg,168,1,0.7860582969412748,1
Vessel Only,2,169_0.jpg,169,1,0.6595030868861719,1
Vessel Only,2,169_1.jpg,169,1,0.6462316266571798,1
Vessel Only,2,169_2.jpg,169,1,0.8012022308442271,1
Vessel Only,2,169_3.jpg,169,1,0.679251767533534,1
Vessel Only,2,173_0.jpg,173,1,0.7459887770204425,1
Vessel Only,2,177_0.jpg,177,1,0.9423696778832698,1
Vessel Only,2,177_1.jpg,177,1,0.7733173321145401,1
Vessel Only,2,177_2.jpg,177,1,0.7669646672138896,1
Vessel Only,2,181_0.jpg,181,1,0.7701186443037029,1
Vessel Only,2,181_1.jpg,181,1,0.5323314101230974,1
Vessel Only,2,185_0.jpg,185,1,0.6890328498161051,1
Vessel Only,2,185_1.jpg,185,1,0.6334614362248449,1
Vessel Only,2,185_2.jpg,185,1,0.8741845924740765,1
Vessel Only,2,19_0.jpg,19,1,0.8939132694393812,1
Vessel Only,2,24_0.jpg,24,1,0.8038933043612936,1
Vessel Only,2,29_0.jpg,29,1,0.8094164484548052,1
Vessel Only,2,29_1.jpg,29,1,0.6599540531368081,1
Vessel Only,2,29_2.jpg,29,1,0.8868663698854509,1
Vessel Only,2,35_0.jpg,35,1,0.8814393297051345,1
Vessel Only,2,35_1.jpg,35,1,0.9070999385934242,1
Vessel Only,2,52_0.jpg,52,1,0.9321774272272043,1
Vessel Only,2,52_1.jpg,52,1,0.8596650263772002,1
Vessel Only,2,58_0.jpg,58,1,0.8719097306141609,1
Vessel Only,2,58_1.jpg,58,1,0.7321272248790659,1
Vessel Only,2,58_2.jpg,58,1,0.7849423397459995,1
Vessel Only,2,59_0.jpg,59,1,0.5515852114616221,1
Vessel Only,2,59_1.jpg,59,1,0.8476503034239283,1
Vessel Only,2,61_0.jpg,61,1,0.6911647563959956,1
Vessel Only,2,61_1.jpg,61,1,0.8369754931208138,1
Vessel Only,2,61_2.jpg,61,1,0.8747951591202257,1
Vessel Only,2,61_3.jpg,61,1,0.8967234448200848,1
Vessel Only,2,61_4.jpg,61,1,0.76512934300712,1
Vessel Only,2,68_0.jpg,68,1,0.9369053356417056,1
Vessel Only,2,68_1.jpg,68,1,0.8940409972093346,1
Vessel Only,2,6_0.jpg,6,1,0.7584515056831725,1
Vessel Only,2,6_1.jpg,6,1,0.7678260648461442,1
Vessel Only,2,71_0.jpg,71,1,0.8058442506027345,1
Vessel Only,2,71_1.jpg,71,1,0.9118175057147286,1
Vessel Only,2,85_0.jpg,85,1,0.9258860533635058,1
Vessel Only,2,87_0.jpg,87,1,0.7236386808997287,1
Vessel Only,2,87_1.jpg,87,1,0.8147198516866012,1
Vessel Only,2,87_2.jpg,87,1,0.7788943828625001,1
Vessel Only,2,87_3.jpg,87,1,0.8336147543675417,1
Vessel Only,2,87_4.jpg,87,1,0.8545925889270033,1
Vessel Only,2,87_5.jpg,87,1,0.7692971888237636,1
Vessel Only,2,87_6.jpg,87,1,0.913932789942286,1
Vessel Only,2,90_0.jpg,90,1,0.6384885275994088,1
Vessel Only,2,93_0.jpg,93,1,0.8416546175088956,1
Vessel Only,2,93_1.jpg,93,1,0.7361547794191291,1
Vessel Only,3,190_0.jpg,190,0,0.26058047253782957,0
Vessel Only,3,191_0.jpg,191,0,0.6812284835876858,1
Vessel Only,3,191_1.jpg,191,0,0.754035906374407,1
Vessel Only,3,194_0.jpg,194,0,0.4825103327086764,0
Vessel Only,3,194_1.jpg,194,0,0.5476683079109548,1
Vessel Only,3,208_0.jpg,208,0,0.60473817328593,1
Vessel Only,3,208_1.jpg,208,0,0.8574876848266704,1
Vessel Only,3,211_0.jpg,211,0,0.5379830463972882,1
Vessel Only,3,211_1.jpg,211,0,0.7849369988313561,1
Vessel Only,3,211_2.jpg,211,0,0.38202518659499707,0
Vessel Only,3,220_0.jpg,220,0,0.8563049415714525,1
Vessel Only,3,220_1.jpg,220,0,0.5825227659949194,1
Vessel Only,3,231_0.jpg,231,0,0.827495164631582,1
Vessel Only,3,231_1.jpg,231,0,0.8409157435905243,1
Vessel Only,3,238_0.jpg,238,0,0.6742538663251492,1
Vessel Only,3,238_1.jpg,238,0,0.4843586996730903,0
Vessel Only,3,250_0.jpg,250,0,0.47611353144020513,0
Vessel Only,3,250_1.jpg,250,0,0.70621272988529,1
Vessel Only,3,252_0.jpg,252,0,0.8923507266596363,1
Vessel Only,3,252_1.jpg,252,0,0.6372813432283504,1
Vessel Only,3,253_0.jpg,253,0,0.6934599736215664,1
Vessel Only,3,253_1.jpg,253,0,0.8761031438289733,1
Vessel Only,3,253_2.jpg,253,0,0.8216308117502025,1
Vessel Only,3,255_0.jpg,255,0,0.29990882158426024,0
Vessel Only,3,255_1.jpg,255,0,0.7635840705639247,1
Vessel Only,3,255_2.jpg,255,0,0.50450045929545,1
Vessel Only,3,257_0.jpg,257,0,0.3915422996912866,0
Vessel Only,3,257_1.jpg,257,0,0.5434314720316307,1
Vessel Only,3,261_0.jpg,261,0,0.7053444900088386,1
Vessel Only,3,261_1.jpg,261,0,0.4761838151230714,0
Vessel Only,3,262_0.jpg,262,0,0.7086532147551742,1
Vessel Only,3,264_0.jpg,264,0,0.5712496774386255,1
Vessel Only,3,268_0.jpg,268,0,0.2631537395618981,0
Vessel Only,3,274_0.jpg,274,0,0.6218437990958701,1
Vessel Only,3,284_0.jpg,284,0,0.25921068234138495,0
Vessel Only,3,284_1.jpg,284,0,0.6099779429655525,1
Vessel Only,3,288_0.jpg,288,0,0.6813201086565273,1
Vessel Only,3,105_0.jpg,105,1,0.7750017762033206,1
Vessel Only,3,105_1.jpg,105,1,0.8706330629688788,1
Vessel Only,3,107_0.jpg,107,1,0.9033711758507799,1
Vessel Only,3,107_1.jpg,107,1,0.763601232782974,1
Vessel Only,3,107_2.jpg,107,1,0.8530406219806703,1
Vessel Only,3,10_0.jpg,10,1,0.8281019459950985,1
Vessel Only,3,10_1.jpg,10,1,0.8561255465874064,1
Vessel Only,3,10_2.jpg,10,1,0.8745820617515602,1
Vessel Only,3,122_0.jpg,122,1,0.8136179881150108,1
Vessel Only,3,122_1.jpg,122,1,0.7756330832027875,1
Vessel Only,3,125_0.jpg,125,1,0.7367073010901577,1
Vessel Only,3,12_0.jpg,12,1,0.7759964564106839,1
Vessel Only,3,12_1.jpg,12,1,0.7357347975018537,1
Vessel Only,3,12_2.jpg,12,1,0.7417785525074387,1
Vessel Only,3,12_3.jpg,12,1,0.6229989190752783,1
Vessel Only,3,12_4.jpg,12,1,0.7059873433536538,1
Vessel Only,3,131_0.jpg,131,1,0.7175935931002155,1
Vessel Only,3,134_0.jpg,134,1,0.8070255764152229,1
Vessel Only,3,134_1.jpg,134,1,0.8438625680938988,1
Vessel Only,3,141_0.jpg,141,1,0.8585014616230768,1
Vessel Only,3,141_1.jpg,141,1,0.8986497895029502,1
Vessel Only,3,141_2.jpg,141,1,0.7328062859258495,1
Vessel Only,3,141_3.jpg,141,1,0.8750330734384675,1
Vessel Only,3,141_4.jpg,141,1,0.8734926528264441,1
Vessel Only,3,141_5.jpg,141,1,0.760912873245837,1
Vessel Only,3,141_6.jpg,141,1,0.7604905319546633,1
Vessel Only,3,144_0.jpg,144,1,0.5793537548875088,1
Vessel Only,3,144_1.jpg,144,1,0.6899639479350518,1
Vessel Only,3,144_2.jpg,144,1,0.6309276997896788,1
Vessel Only,3,144_3.jpg,144,1,0.6256179833183982,1
Vessel Only,3,14_0.jpg,14,1,0.6954814398035694,1
Vessel Only,3,14_1.jpg,14,1,0.9063153497567956,1
Vessel Only,3,166_0.jpg,166,1,0.8900734997705725,1
Vessel Only,3,166_1.jpg,166,1,0.7416669225101977,1
Vessel Only,3,166_2.jpg,166,1,0.8227158463946358,1
Vessel Only,3,16_0.jpg,16,1,0.8439291507310207,1
Vessel Only,3,16_1.jpg,16,1,0.8438218237244023,1
Vessel Only,3,16_2.jpg,16,1,0.6740574953491971,1
Vessel Only,3,16_3.jpg,16,1,0.7747123973558553,1
Vessel Only,3,16_4.jpg,16,1,0.7514341513147138,1
Vessel Only,3,171_0.jpg,171,1,0.40461263251748575,0
Vessel Only,3,172_0.jpg,172,1,0.8135438390873807,1
Vessel Only,3,172_1.jpg,172,1,0.8068828355997382,1
Vessel Only,3,172_2.jpg,172,1,0.8442171625589104,1
Vessel Only,3,172_3.jpg,172,1,0.7416736937104125,1
Vessel Only,3,174_0.jpg,174,1,0.7731260248391848,1
Vessel Only,3,178_0.jpg,178,1,0.8049669983225385,1
Vessel Only,3,179_0.jpg,179,1,0.891740734940447,1
Vessel Only,3,179_1.jpg,179,1,0.7436148878089891,1
Vessel Only,3,179_2.jpg,179,1,0.8310371861528284,1
Vessel Only,3,1_0.jpg,1,1,0.6651739695866132,1
Vessel Only,3,1_1.jpg,1,1,0.7128922564309705,1
Vessel Only,3,21_0.jpg,21,1,0.7391838888927157,1
Vessel Only,3,21_1.jpg,21,1,0.7954263070415749,1
Vessel Only,3,25_0.jpg,25,1,0.7130768567826234,1
Vessel Only,3,25_1.jpg,25,1,0.635088024229249,1
Vessel Only,3,28_0.jpg,28,1,0.8073311302661341,1
Vessel Only,3,28_1.jpg,28,1,0.7578925319436933,1
Vessel Only,3,28_2.jpg,28,1,0.6751824034788639,1
Vessel Only,3,28_3.jpg,28,1,0.7502505500376402,1
Vessel Only,3,38_0.jpg,38,1,0.647842986571659,1
Vessel Only,3,39_0.jpg,39,1,0.6216110934277681,1
Vessel Only,3,39_1.jpg,39,1,0.8826002116597135,1
Vessel Only,3,39_2.jpg,39,1,0.7928242761176658,1
Vessel Only,3,39_3.jpg,39,1,0.6543375016272224,1
Vessel Only,3,44_0.jpg,44,1,0.8172937604284233,1
Vessel Only,3,44_1.jpg,44,1,0.7883256500338066,1
Vessel Only,3,44_2.jpg,44,1,0.8319138374313088,1
Vessel Only,3,44_3.jpg,44,1,0.8474824634645237,1
Vessel Only,3,44_4.jpg,44,1,0.8545785991751795,1
Vessel Only,3,44_5.jpg,44,1,0.7912404354757835,1
Vessel Only,3,44_6.jpg,44,1,0.8323049310425604,1
Vessel Only,3,47_0.jpg,47,1,0.8012416860852608,1
Vessel Only,3,47_1.jpg,47,1,0.73335429939056,1
Vessel Only,3,47_2.jpg,47,1,0.8317286701010222,1
Vessel Only,3,47_3.jpg,47,1,0.8643607005387675,1
Vessel Only,3,47_4.jpg,47,1,0.7987496169445499,1
Vessel Only,3,47_5.jpg,47,1,0.6703803400931876,1
Vessel Only,3,47_6.jpg,47,1,0.7871103758322608,1
Vessel Only,3,47_7.jpg,47,1,0.7979617729600471,1
Vessel Only,3,48_0.jpg,48,1,0.5619282730824819,1
Vessel Only,3,4_0.jpg,4,1,0.8470838950786584,1
Vessel Only,3,51_0.jpg,51,1,0.7078591192079078,1
Vessel Only,3,53_0.jpg,53,1,0.9144292872348578,1
Vessel Only,3,53_1.jpg,53,1,0.6864126160042696,1
Vessel Only,3,53_2.jpg,53,1,0.8748261457679923,1
Vessel Only,3,53_3.jpg,53,1,0.8229635823475112,1
Vessel Only,3,53_4.jpg,53,1,0.8437896947313871,1
Vessel Only,3,60_0.jpg,60,1,0.9189093803242878,1
Vessel Only,3,69_0.jpg,69,1,0.8690127701703066,1
Vessel Only,3,69_1.jpg,69,1,0.7008385830008115,1
Vessel Only,3,72_0.jpg,72,1,0.650660356487503,1
Vessel Only,3,72_1.jpg,72,1,0.7673675169065157,1
Vessel Only,3,72_2.jpg,72,1,0.7832572149517563,1
Vessel Only,3,72_3.jpg,72,1,0.8063159087158404,1
Vessel Only,3,76_0.jpg,76,1,0.7121328994687651,1
Vessel Only,3,76_1.jpg,76,1,0.7466205095857279,1
Vessel Only,3,80_0.jpg,80,1,0.9500526080546359,1
Vessel Only,3,80_1.jpg,80,1,0.6561539223718685,1
Vessel Only,3,80_2.jpg,80,1,0.8706415404606515,1
Vessel Only,3,82_0.jpg,82,1,0.7499930168664826,1
Vessel Only,3,82_1.jpg,82,1,0.7873911030261604,1
Vessel Only,3,83_0.jpg,83,1,0.4925329238887619,0
Vessel Only,3,83_1.jpg,83,1,0.8511179963128055,1
Vessel Only,3,9_0.jpg,9,1,0.7408975202015768,1
Vessel Only,3,9_1.jpg,9,1,0.8151225637901747,1
Vessel Only,4,188_0.jpg,188,0,0.9484300841713563,1
Vessel Only,4,188_1.jpg,188,0,0.3042796090776041,0
Vessel Only,4,189_0.jpg,189,0,0.8565138519822924,1
Vessel Only,4,189_1.jpg,189,0,0.37045536922358374,0
Vessel Only,4,189_2.jpg,189,0,0.5202874943302054,1
Vessel Only,4,201_0.jpg,201,0,0.5822390319328482,1
Vessel Only,4,201_1.jpg,201,0,0.7621785895439109,1
Vessel Only,4,203_0.jpg,203,0,0.7304641412738713,1
Vessel Only,4,203_1.jpg,203,0,0.7520247763767024,1
Vessel Only,4,210_0.jpg,210,0,0.6652705381212773,1
Vessel Only,4,214_0.jpg,214,0,0.8458358316469793,1
Vessel Only,4,214_1.jpg,214,0,0.3484451172984528,0
Vessel Only,4,214_2.jpg,214,0,0.8441601497192185,1
Vessel Only,4,214_3.jpg,214,0,0.34204984338761835,0
Vessel Only,4,222_0.jpg,222,0,0.8011364354566314,1
Vessel Only,4,222_1.jpg,222,0,0.25396486276835506,0
Vessel Only,4,224_0.jpg,224,0,0.6802690406783571,1
Vessel Only,4,224_1.jpg,224,0,0.17301172260350822,0
Vessel Only,4,224_2.jpg,224,0,0.5778517620975784,1
Vessel Only,4,224_3.jpg,224,0,0.3709817879576926,0
Vessel Only,4,225_0.jpg,225,0,0.4812451344711634,0
Vessel Only,4,225_1.jpg,225,0,0.7983366676618376,1
Vessel Only,4,232_0.jpg,232,0,0.2343029630879169,0
Vessel Only,4,237_0.jpg,237,0,0.7825460589243168,1
Vessel Only,4,237_1.jpg,237,0,0.906766129338327,1
Vessel Only,4,245_0.jpg,245,0,0.3007354822922022,0
Vessel Only,4,245_1.jpg,245,0,0.8483380665770137,1
Vessel Only,4,245_2.jpg,245,0,0.2534859581441189,0
Vessel Only,4,247_0.jpg,247,0,0.8863095321488897,1
Vessel Only,4,247_1.jpg,247,0,0.8457745572836564,1
Vessel Only,4,254_0.jpg,254,0,0.6206385690652242,1
Vessel Only,4,256_0.jpg,256,0,0.14708374962645496,0
Vessel Only,4,256_1.jpg,256,0,0.1383852108799654,0
Vessel Only,4,259_0.jpg,259,0,0.6372551658628715,1
Vessel Only,4,259_1.jpg,259,0,0.8017358693178349,1
Vessel Only,4,259_2.jpg,259,0,0.8333238728288421,1
Vessel Only,4,259_3.jpg,259,0,0.6944670976422413,1
Vessel Only,4,259_4.jpg,259,0,0.7598072214466343,1
Vessel Only,4,259_5.jpg,259,0,0.32635260674109356,0
Vessel Only,4,265_0.jpg,265,0,0.3624832384235255,0
Vessel Only,4,265_1.jpg,265,0,0.2817771099564835,0
Vessel Only,4,269_0.jpg,269,0,0.44656879929340576,0
Vessel Only,4,269_1.jpg,269,0,0.5136769654776948,1
Vessel Only,4,280_0.jpg,280,0,0.46175947200213935,0
Vessel Only,4,280_1.jpg,280,0,0.8646998684174272,1
Vessel Only,4,285_0.jpg,285,0,0.739230584455988,1
Vessel Only,4,101_0.jpg,101,1,0.7672000253783515,1
Vessel Only,4,109_0.jpg,109,1,0.8864379193150357,1
Vessel Only,4,109_1.jpg,109,1,0.6738177955975029,1
Vessel Only,4,109_2.jpg,109,1,0.8598509706890358,1
Vessel Only,4,109_3.jpg,109,1,0.5921261309956234,1
Vessel Only,4,109_4.jpg,109,1,0.9465875605801013,1
Vessel Only,4,110_0.jpg,110,1,0.8292717732950201,1
Vessel Only,4,110_1.jpg,110,1,0.7949276362045711,1
Vessel Only,4,110_2.jpg,110,1,0.9638289819648085,1
Vessel Only,4,121_0.jpg,121,1,0.8673267486654304,1
Vessel Only,4,121_1.jpg,121,1,0.865918254987411,1
Vessel Only,4,121_2.jpg,121,1,0.7802430363880667,1
Vessel Only,4,124_0.jpg,124,1,0.7907325636825273,1
Vessel Only,4,127_0.jpg,127,1,0.8174032898117339,1
Vessel Only,4,128_0.jpg,128,1,0.5067780419726057,1
Vessel Only,4,133_0.jpg,133,1,0.7425854814150229,1
Vessel Only,4,136_0.jpg,136,1,0.72942753488906,1
Vessel Only,4,136_1.jpg,136,1,0.7642833810852341,1
Vessel Only,4,152_0.jpg,152,1,0.5555796997646639,1
Vessel Only,4,154_0.jpg,154,1,0.7933821358340818,1
Vessel Only,4,154_1.jpg,154,1,0.550801727513203,1
Vessel Only,4,154_2.jpg,154,1,0.8633730709889662,1
Vessel Only,4,154_3.jpg,154,1,0.6666911412010168,1
Vessel Only,4,154_4.jpg,154,1,0.8516724845179122,1
Vessel Only,4,154_5.jpg,154,1,0.8168659775473168,1
Vessel Only,4,155_0.jpg,155,1,0.8910076719382398,1
Vessel Only,4,155_1.jpg,155,1,0.8676232739454087,1
Vessel Only,4,155_2.jpg,155,1,0.8723625236326843,1
Vessel Only,4,155_3.jpg,155,1,0.902117711937208,1
Vessel Only,4,159_0.jpg,159,1,0.87059021940322,1
Vessel Only,4,159_1.jpg,159,1,0.373419036191924,0
Vessel Only,4,15_0.jpg,15,1,0.671203365972313,1
Vessel Only,4,163_0.jpg,163,1,0.7822171887788896,1
Vessel Only,4,163_1.jpg,163,1,0.8335779596576183,1
Vessel Only,4,163_2.jpg,163,1,0.7750994637074917,1
Vessel Only,4,163_3.jpg,163,1,0.9068133793680171,1
Vessel Only,4,163_4.jpg,163,1,0.6012839678796601,1
Vessel Only,4,170_0.jpg,170,1,0.8267099208893585,1
Vessel Only,4,170_1.jpg,170,1,0.34025813558066775,0
Vessel Only,4,170_2.jpg,170,1,0.8121938098234296,1
Vessel Only,4,170_3.jpg,170,1,0.5182344759506078,1
Vessel Only,4,170_4.jpg,170,1,0.9004158160703181,1
Vessel Only,4,170_5.jpg,170,1,0.5268388202761448,1
Vessel Only,4,17_0.jpg,17,1,0.534226724584084,1
Vessel Only,4,17_1.jpg,17,1,0.4282961402790544,0
Vessel Only,4,17_2.jpg,17,1,0.7881642783947873,1
Vessel Only,4,17_3.jpg,17,1,0.5083026630435099,1
Vessel Only,4,17_4.jpg,17,1,0.3040240909197511,0
Vessel Only,4,17_5.jpg,17,1,0.8311202456430408,1
Vessel Only,4,183_0.jpg,183,1,0.7928246315124937,1
Vessel Only,4,183_1.jpg,183,1,0.8773045009278099,1
Vessel Only,4,183_2.jpg,183,1,0.7382643390322078,1
Vessel Only,4,183_3.jpg,183,1,0.7389382613125995,1
Vessel Only,4,183_4.jpg,183,1,0.8420580285941734,1
Vessel Only,4,183_5.jpg,183,1,0.6641186826402168,1
Vessel Only,4,183_6.jpg,183,1,0.6174354287693297,1
Vessel Only,4,183_7.jpg,183,1,0.739181458771369,1
Vessel Only,4,27_0.jpg,27,1,0.8072371624417675,1
Vessel Only,4,27_1.jpg,27,1,0.8797308391659215,1
Vessel Only,4,2_0.jpg,2,1,0.8360274208879315,1
Vessel Only,4,2_1.jpg,2,1,0.8079383547851963,1
Vessel Only,4,33_0.jpg,33,1,0.8219526304851881,1
Vessel Only,4,33_1.jpg,33,1,0.8456615043806395,1
Vessel Only,4,36_0.jpg,36,1,0.782488504675113,1
Vessel Only,4,36_1.jpg,36,1,0.6857101677081948,1
Vessel Only,4,36_10.jpg,36,1,0.6641503832247849,1
Vessel Only,4,36_11.jpg,36,1,0.6890726398473377,1
Vessel Only,4,36_2.jpg,36,1,0.7669560639871488,1
Vessel Only,4,36_3.jpg,36,1,0.45167896666046803,0
Vessel Only,4,36_4.jpg,36,1,0.7617125481610671,1
Vessel Only,4,36_5.jpg,36,1,0.40829918752992533,0
Vessel Only,4,36_6.jpg,36,1,0.8341762216401207,1
Vessel Only,4,36_7.jpg,36,1,0.44766119966071066,0
Vessel Only,4,36_8.jpg,36,1,0.8055215826134144,1
Vessel Only,4,36_9.jpg,36,1,0.7666034838882163,1
Vessel Only,4,3_0.jpg,3,1,0.7658414775539087,1
Vessel Only,4,3_1.jpg,3,1,0.8370431064156897,1
Vessel Only,4,40_0.jpg,40,1,0.8002926215357796,1
Vessel Only,4,40_1.jpg,40,1,0.8372047358821869,1
Vessel Only,4,42_0.jpg,42,1,0.8210773379132299,1
Vessel Only,4,42_1.jpg,42,1,0.7591780902864244,1
Vessel Only,4,42_2.jpg,42,1,0.7787667513559171,1
Vessel Only,4,42_3.jpg,42,1,0.8685766038847667,1
Vessel Only,4,45_0.jpg,45,1,0.760921445418898,1
Vessel Only,4,49_0.jpg,49,1,0.8661151192341859,1
Vessel Only,4,49_1.jpg,49,1,0.6775469967058126,1
Vessel Only,4,56_0.jpg,56,1,0.8014099858636266,1
Vessel Only,4,56_1.jpg,56,1,0.8014099858636266,1
Vessel Only,4,56_2.jpg,56,1,0.9036876347332934,1
Vessel Only,4,56_3.jpg,56,1,0.819576384016282,1
Vessel Only,4,65_0.jpg,65,1,0.6414451005003439,1
Vessel Only,4,65_1.jpg,65,1,0.864316787886207,1
Vessel Only,4,65_2.jpg,65,1,0.7755214646180311,1
Vessel Only,4,65_3.jpg,65,1,0.795623368626957,1
Vessel Only,4,65_4.jpg,65,1,0.764137475629078,1
Vessel Only,4,65_5.jpg,65,1,0.8292717732950201,1
Vessel Only,4,65_6.jpg,65,1,0.429103688325868,0
Vessel Only,4,65_7.jpg,65,1,0.8172473436534229,1
Vessel Only,4,66_0.jpg,66,1,0.28827106285986737,0
Vessel Only,4,66_1.jpg,66,1,0.8191046834889546,1
Vessel Only,4,66_2.jpg,66,1,0.8269848588340356,1
Vessel Only,4,66_3.jpg,66,1,0.43263815754539303,0
Vessel Only,4,66_4.jpg,66,1,0.4022957246073488,0
Vessel Only,4,66_5.jpg,66,1,0.16533001212548862,0
Vessel Only,4,70_0.jpg,70,1,0.9054670964986979,1
Vessel Only,4,70_1.jpg,70,1,0.8647675873629257,1
Vessel Only,4,70_2.jpg,70,1,0.868386863272621,1
Vessel Only,4,74_0.jpg,74,1,0.8963962142921763,1
Vessel Only,4,74_1.jpg,74,1,0.8764672661137441,1
Vessel Only,4,77_0.jpg,77,1,0.48529576551624065,0
Vessel Only,4,77_1.jpg,77,1,0.3165177106588926,0
Vessel Only,4,77_2.jpg,77,1,0.5971500894934867,1
Vessel Only,4,77_3.jpg,77,1,0.8060544453926742,1
Vessel Only,4,7_0.jpg,7,1,0.912223668135786,1
Vessel Only,4,91_0.jpg,91,1,0.7850888668665196,1
Vessel Only,4,91_1.jpg,91,1,0.6283882825986805,1
Vessel Only,4,91_2.jpg,91,1,0.8335232127398631,1
Vessel Only,4,91_3.jpg,91,1,0.46909880829971073,0
Vessel Only,4,91_4.jpg,91,1,0.5801940456989064,1
Vessel Only,4,91_5.jpg,91,1,0.5151899618771763,1
Vessel Only,4,91_6.jpg,91,1,0.7289001929645871,1
Vessel Only,4,91_7.jpg,91,1,0.3954705874439658,0
Vessel Only,4,95_0.jpg,95,1,0.37942563938110346,0
Vessel Only,4,95_1.jpg,95,1,0.6387907388585304,1
Vessel Only,4,99_0.jpg,99,1,0.8852195893283588,1
Vessel Only,4,99_1.jpg,99,1,0.7765879069016498,1
Vessel Only,4,99_2.jpg,99,1,0.6677268828174053,1
Vessel Only,4,99_3.jpg,99,1,0.884954281139193,1
Vessel Only,4,99_4.jpg,99,1,0.8764026988635952,1
Vessel Only,4,99_5.jpg,99,1,0.7663964152432492,1
Vessel Only,5,193_0.jpg,193,0,0.4632851506983768,0
Vessel Only,5,193_1.jpg,193,0,0.7897748490700434,1
Vessel Only,5,199_0.jpg,199,0,0.3264883699236753,0
Vessel Only,5,199_1.jpg,199,0,0.5484744227739187,1
Vessel Only,5,200_0.jpg,200,0,0.5331269118565608,1
Vessel Only,5,200_1.jpg,200,0,0.9058785927860249,1
Vessel Only,5,200_2.jpg,200,0,0.8152512889063338,1
Vessel Only,5,200_3.jpg,200,0,0.6907286073011417,1
Vessel Only,5,207_0.jpg,207,0,0.4963805458908567,0
Vessel Only,5,207_1.jpg,207,0,0.41989452560169105,0
Vessel Only,5,207_2.jpg,207,0,0.4424924276640323,0
Vessel Only,5,212_0.jpg,212,0,0.6848952569216289,1
Vessel Only,5,217_0.jpg,217,0,0.42786402904868376,0
Vessel Only,5,219_0.jpg,219,0,0.7510947803915817,1
Vessel Only,5,219_1.jpg,219,0,0.6801228057174613,1
Vessel Only,5,219_2.jpg,219,0,0.358657235074444,0
Vessel Only,5,228_0.jpg,228,0,0.31676819142885027,0
Vessel Only,5,235_0.jpg,235,0,0.5334781125089931,1
Vessel Only,5,249_0.jpg,249,0,0.7420632797122372,1
Vessel Only,5,249_1.jpg,249,0,0.45075698225439453,0
Vessel Only,5,249_2.jpg,249,0,0.7030123592911862,1
Vessel Only,5,249_3.jpg,249,0,0.8228131965518192,1
Vessel Only,5,251_0.jpg,251,0,0.5362641954411884,1
Vessel Only,5,258_0.jpg,258,0,0.30649810922561255,0
Vessel Only,5,258_1.jpg,258,0,0.3956846551816601,0
Vessel Only,5,263_0.jpg,263,0,0.8009428126098479,1
Vessel Only,5,267_0.jpg,267,0,0.17496045142869612,0
Vessel Only,5,270_0.jpg,270,0,0.7643981282343738,1
Vessel Only,5,270_1.jpg,270,0,0.6100645896696784,1
Vessel Only,5,278_0.jpg,278,0,0.8990145824670871,1
Vessel Only,5,278_1.jpg,278,0,0.7023118218607821,1
Vessel Only,5,279_0.jpg,279,0,0.660540087005543,1
Vessel Only,5,279_1.jpg,279,0,0.652587197029221,1
Vessel Only,5,281_0.jpg,281,0,0.6984755621792421,1
Vessel Only,5,281_1.jpg,281,0,0.6861956627869457,1
Vessel Only,5,282_0.jpg,282,0,0.4074155363303571,0
Vessel Only,5,282_1.jpg,282,0,0.6062926307575933,1
Vessel Only,5,287_0.jpg,287,0,0.8909594107209253,1
Vessel Only,5,287_1.jpg,287,0,0.7829873610170388,1
Vessel Only,5,104_0.jpg,104,1,0.892261641556865,1
Vessel Only,5,104_1.jpg,104,1,0.8560703200410978,1
Vessel Only,5,104_2.jpg,104,1,0.9118670872516406,1
Vessel Only,5,104_3.jpg,104,1,0.7953331319905795,1
Vessel Only,5,104_4.jpg,104,1,0.68074704776386,1
Vessel Only,5,104_5.jpg,104,1,0.7534204210167436,1
Vessel Only,5,104_6.jpg,104,1,0.7155820688642126,1
Vessel Only,5,118_0.jpg,118,1,0.710853729417221,1
Vessel Only,5,118_1.jpg,118,1,0.8520211751262577,1
Vessel Only,5,11_0.jpg,11,1,0.831165590779187,1
Vessel Only,5,120_0.jpg,120,1,0.37607589245292483,0
Vessel Only,5,120_1.jpg,120,1,0.5638815744063194,1
Vessel Only,5,123_0.jpg,123,1,0.8437182088556479,1
Vessel Only,5,123_1.jpg,123,1,0.7959586694020854,1
Vessel Only,5,123_2.jpg,123,1,0.7785972833779324,1
Vessel Only,5,129_0.jpg,129,1,0.7292362055478866,1
Vessel Only,5,129_1.jpg,129,1,0.8340154720372236,1
Vessel Only,5,129_2.jpg,129,1,0.8371904138322845,1
Vessel Only,5,135_0.jpg,135,1,0.7724813309218264,1
Vessel Only,5,135_1.jpg,135,1,0.9217337596458336,1
Vessel Only,5,135_2.jpg,135,1,0.9304305801210111,1
Vessel Only,5,135_3.jpg,135,1,0.7530553143367513,1
Vessel Only,5,135_4.jpg,135,1,0.9011127197312325,1
Vessel Only,5,13_0.jpg,13,1,0.6848421985356576,1
Vessel Only,5,13_1.jpg,13,1,0.9190072556069679,1
Vessel Only,5,140_0.jpg,140,1,0.7733342475415302,1
Vessel Only,5,140_1.jpg,140,1,0.7383677809743664,1
Vessel Only,5,140_2.jpg,140,1,0.736719557444397,1
Vessel Only,5,142_0.jpg,142,1,0.7466252902116117,1
Vessel Only,5,146_0.jpg,146,1,0.8804717926318681,1
Vessel Only,5,147_0.jpg,147,1,0.7745581874723578,1
Vessel Only,5,147_1.jpg,147,1,0.9125637564375348,1
Vessel Only,5,148_0.jpg,148,1,0.939553628971944,1
Vessel Only,5,148_1.jpg,148,1,0.939553628971944,1
Vessel Only,5,148_2.jpg,148,1,0.826909449298661,1
Vessel Only,5,148_3.jpg,148,1,0.7812260651855987,1
Vessel Only,5,167_0.jpg,167,1,0.6787918312292216,1
Vessel Only,5,167_1.jpg,167,1,0.7787325439702812,1
Vessel Only,5,176_0.jpg,176,1,0.8343456617287959,1
Vessel Only,5,176_1.jpg,176,1,0.8054861745091535,1
Vessel Only,5,176_2.jpg,176,1,0.832957715121684,1
Vessel Only,5,180_0.jpg,180,1,0.8207760035943744,1
Vessel Only,5,180_1.jpg,180,1,0.7578364842676514,1
Vessel Only,5,180_2.jpg,180,1,0.8805628433729652,1
Vessel Only,5,180_3.jpg,180,1,0.7909866692443377,1
Vessel Only,5,180_4.jpg,180,1,0.8269288050886382,1
Vessel Only,5,180_5.jpg,180,1,0.8336605714877067,1
Vessel Only,5,186_0.jpg,186,1,0.7189393955754056,1
Vessel Only,5,186_1.jpg,186,1,0.7573956570087222,1
Vessel Only,5,186_2.jpg,186,1,0.8228457916525422,1
Vessel Only,5,18_0.jpg,18,1,0.7376576153825058,1
Vessel Only,5,18_1.jpg,18,1,0.6883309534340644,1
Vessel Only,5,18_2.jpg,18,1,0.7924323246794196,1
Vessel Only,5,18_3.jpg,18,1,0.7362401456630646,1
Vessel Only,5,18_4.jpg,18,1,0.8357901218797258,1
Vessel Only,5,20_0.jpg,20,1,0.6922330265968414,1
Vessel Only,5,20_1.jpg,20,1,0.916137870484912,1
Vessel Only,5,22_0.jpg,22,1,0.6030888914098795,1
Vessel Only,5,22_1.jpg,22,1,0.5153162823866204,1
Vessel Only,5,30_0.jpg,30,1,0.8892770044821222,1
Vessel Only,5,31_0.jpg,31,1,0.7610270761334545,1
Vessel Only,5,31_1.jpg,31,1,0.8190835254007857,1
Vessel Only,5,31_2.jpg,31,1,0.6739669800176713,1
Vessel Only,5,31_3.jpg,31,1,0.8757374457256184,1
Vessel Only,5,31_4.jpg,31,1,0.7976200068489468,1
Vessel Only,5,31_5.jpg,31,1,0.5595854914561013,1
Vessel Only,5,31_6.jpg,31,1,0.7237444025970636,1
Vessel Only,5,34_0.jpg,34,1,0.6595789089133374,1
Vessel Only,5,34_1.jpg,34,1,0.7973662123452181,1
Vessel Only,5,34_2.jpg,34,1,0.7567739448357645,1
Vessel Only,5,34_3.jpg,34,1,0.8233750736179011,1
Vessel Only,5,41_0.jpg,41,1,0.8128352961295832,1
Vessel Only,5,43_0.jpg,43,1,0.856919773939209,1
Vessel Only,5,43_1.jpg,43,1,0.7967779131398313,1
Vessel Only,5,43_2.jpg,43,1,0.8560197892254036,1
Vessel Only,5,43_3.jpg,43,1,0.7694814828504739,1
Vessel Only,5,46_0.jpg,46,1,0.7213342253909674,1
Vessel Only,5,46_1.jpg,46,1,0.7342322164230346,1
Vessel Only,5,54_0.jpg,54,1,0.7424860831656578,1
Vessel Only,5,54_1.jpg,54,1,0.6917107329826586,1
Vessel Only,5,54_2.jpg,54,1,0.6690229072795969,1
Vessel Only,5,54_3.jpg,54,1,0.7095690978207565,1
Vessel Only,5,55_0.jpg,55,1,0.8456354683785444,1
Vessel Only,5,55_1.jpg,55,1,0.7318064155559171,1
Vessel Only,5,55_2.jpg,55,1,0.7465748712287598,1
Vessel Only,5,55_3.jpg,55,1,0.7173393348903935,1
Vessel Only,5,55_4.jpg,55,1,0.7079755740820411,1
Vessel Only,5,57_0.jpg,57,1,0.5443306328882468,1
Vessel Only,5,57_1.jpg,57,1,0.8670889965938366,1
Vessel Only,5,57_2.jpg,57,1,0.8768124788498801,1
Vessel Only,5,5_0.jpg,5,1,0.8402839085565696,1
Vessel Only,5,5_1.jpg,5,1,0.8131647680246235,1
Vessel Only,5,67_0.jpg,67,1,0.46333921485967444,0
Vessel Only,5,78_0.jpg,78,1,0.6426884294577451,1
Vessel Only,5,78_1.jpg,78,1,0.4233094113663066,0
Vessel Only,5,86_0.jpg,86,1,0.8724116259218022,1
Vessel Only,5,86_1.jpg,86,1,0.8724116259218022,1
Vessel Only,5,88_0.jpg,88,1,0.626854635256681,1
Vessel Only,5,89_0.jpg,89,1,0.71887604392804,1
Vessel Only,5,97_0.jpg,97,1,0.7609512235473511,1
Vessel Only,5,98_0.jpg,98,1,0.7368627643412832,1
Texture Only,1,195_0.jpg,195,0,0.4348328300182059,0
Texture Only,1,195_1.jpg,195,0,0.8445818776985774,1
Texture Only,1,195_2.jpg,195,0,0.09679167693324649,0
Texture Only,1,196_0.jpg,196,0,0.06719524016815108,0
Texture Only,1,197_0.jpg,197,0,0.2972244500216304,0
Texture Only,1,202_0.jpg,202,0,0.500287217760132,1
Texture Only,1,202_1.jpg,202,0,0.06788377101658778,0
Texture Only,1,205_0.jpg,205,0,0.22105770917665565,0
Texture Only,1,205_1.jpg,205,0,0.17907924305148612,0
Texture Only,1,213_0.jpg,213,0,0.358083878264244,0
Texture Only,1,216_0.jpg,216,0,0.7906942943907169,1
Texture Only,1,218_0.jpg,218,0,0.826960373366904,1
Texture Only,1,223_0.jpg,223,0,0.30533604087200206,0
Texture Only,1,223_1.jpg,223,0,0.25713060411146826,0
Texture Only,1,223_2.jpg,223,0,0.29365785298209723,0
Texture Only,1,227_0.jpg,227,0,0.23344456394558277,0
Texture Only,1,227_1.jpg,227,0,0.8947275163298097,1
Texture Only,1,227_2.jpg,227,0,0.8261856715349367,1
Texture Only,1,227_3.jpg,227,0,0.7611287351980348,1
Texture Only,1,227_4.jpg,227,0,0.8951348867015116,1
Texture Only,1,230_0.jpg,230,0,0.18442126661509622,0
Texture Only,1,230_1.jpg,230,0,0.2398497587292504,0
Texture Only,1,234_0.jpg,234,0,0.9177701023231215,1
Texture Only,1,234_1.jpg,234,0,0.7798620585305541,1
Texture Only,1,239_0.jpg,239,0,0.3992802403804081,0
Texture Only,1,239_1.jpg,239,0,0.11527547791350934,0
Texture Only,1,241_0.jpg,241,0,0.24077956662175187,0
Texture Only,1,241_1.jpg,241,0,0.5219442258580006,1
Texture Only,1,241_2.jpg,241,0,0.16002261856261404,0
Texture Only,1,242_0.jpg,242,0,0.0726720800010601,0
Texture Only,1,244_0.jpg,244,0,0.844413631536287,1
Texture Only,1,244_1.jpg,244,0,0.0989190122456247,0
Texture Only,1,246_0.jpg,246,0,0.15244221423057394,0
Texture Only,1,273_0.jpg,273,0,0.2215147106403226,0
Texture Only,1,276_0.jpg,276,0,0.8653110391887195,1
Texture Only,1,276_1.jpg,276,0,0.09157919533429162,0
Texture Only,1,276_2.jpg,276,0,0.09326195484717337,0
Texture Only,1,283_0.jpg,283,0,0.903095758713507,1
Texture Only,1,283_1.jpg,283,0,0.2087165527006889,0
Texture Only,1,286_0.jpg,286,0,0.4514515240487244,0
Texture Only,1,286_1.jpg,286,0,0.5879698504797289,1
Texture Only,1,0_0.jpg,0,1,0.8159147599743506,1
Texture Only,1,100_0.jpg,100,1,0.3532288164582744,0
Texture Only,1,100_1.jpg,100,1,0.8979250008781402,1
Texture Only,1,100_2.jpg,100,1,0.9151886937085635,1
Texture Only,1,100_3.jpg,100,1,0.9504350404475644,1
Texture Only,1,100_4.jpg,100,1,0.8957542754380761,1
Texture Only,1,100_5.jpg,100,1,0.36263943811229354,0
Texture Only,1,100_6.jpg,100,1,0.9174394706018366,1
Texture Only,1,100_7.jpg,100,1,0.9419594425595001,1
Texture Only,1,100_8.jpg,100,1,0.9658767412090532,1
Texture Only,1,100_9.jpg,100,1,0.8635409760277432,1
Texture Only,1,102_0.jpg,102,1,0.8980874112362752,1
Texture Only,1,102_1.jpg,102,1,0.9416949605980983,1
Texture Only,1,108_0.jpg,108,1,0.9462773974882687,1
Texture Only,1,108_1.jpg,108,1,0.6790558580348298,1
Texture Only,1,108_2.jpg,108,1,0.7686696706892764,1
Texture Only,1,108_3.jpg,108,1,0.8694356251194324,1
Texture Only,1,108_4.jpg,108,1,0.8028117726388001,1
Texture Only,1,112_0.jpg,112,1,0.9633744180361173,1
Texture Only,1,112_1.jpg,112,1,0.9576062967865533,1
Texture Only,1,112_2.jpg,112,1,0.9740323730602239,1
Texture Only,1,113_0.jpg,113,1,0.9320660060512941,1
Texture Only,1,114_0.jpg,114,1,0.8848121850978778,1
Texture Only,1,114_1.jpg,114,1,0.49499162605041586,0
Texture Only,1,114_2.jpg,114,1,0.887644865357769,1
Texture Only,1,117_0.jpg,117,1,0.7156069878861301,1
Texture Only,1,137_0.jpg,137,1,0.8586851457736461,1
Texture Only,1,138_0.jpg,138,1,0.7141839382396797,1
Texture Only,1,138_1.jpg,138,1,0.9264372554962564,1
Texture Only,1,138_2.jpg,138,1,0.9002328348949543,1
Texture Only,1,139_0.jpg,139,1,0.7247445039110709,1
Texture Only,1,139_1.jpg,139,1,0.8634105320676748,1
Texture Only,1,139_2.jpg,139,1,0.9055095885795982,1
Texture Only,1,143_0.jpg,143,1,0.9320475864845775,1
Texture Only,1,143_1.jpg,143,1,0.8544668174320101,1
Texture Only,1,143_2.jpg,143,1,0.9390150759859884,1
Texture Only,1,143_3.jpg,143,1,0.9559560474188595,1
Texture Only,1,143_4.jpg,143,1,0.9876723233799541,1
Texture Only,1,149_0.jpg,149,1,0.8976917209076057,1
Texture Only,1,153_0.jpg,153,1,0.9149183155161402,1
Texture Only,1,153_1.jpg,153,1,0.9162021728186289,1
Texture Only,1,153_2.jpg,153,1,0.6080837211681809,1
Texture Only,1,153_3.jpg,153,1,0.6357189323966601,1
Texture Only,1,158_0.jpg,158,1,0.6578652644537949,1
Texture Only,1,158_1.jpg,158,1,0.5714842747188517,1
Texture Only,1,160_0.jpg,160,1,0.6687210691076101,1
Texture Only,1,160_1.jpg,160,1,0.7656280981498306,1
Texture Only,1,161_0.jpg,161,1,0.797288292829791,1
Texture Only,1,165_0.jpg,165,1,0.8460186950239726,1
Texture Only,1,165_1.jpg,165,1,0.81279542751052,1
Texture Only,1,165_2.jpg,165,1,0.8064005952211356,1
Texture Only,1,175_0.jpg,175,1,0.8464052550721379,1
Texture Only,1,175_1.jpg,175,1,0.8529666696944718,1
Texture Only,1,184_0.jpg,184,1,0.9665287417684041,1
Texture Only,1,184_1.jpg,184,1,0.9032407289113833,1
Texture Only,1,23_0.jpg,23,1,0.10214238006062533,0
Texture Only,1,23_1.jpg,23,1,0.06313378099930463,0
Texture Only,1,26_0.jpg,26,1,0.9871562373567672,1
Texture Only,1,26_1.jpg,26,1,0.8161504584999458,1
Texture Only,1,32_0.jpg,32,1,0.8546819321700114,1
Texture Only,1,32_1.jpg,32,1,0.940716626081653,1
Texture Only,1,32_2.jpg,32,1,0.9283393375130357,1
Texture Only,1,37_0.jpg,37,1,0.8691453114953198,1
Texture Only,1,50_0.jpg,50,1,0.910909743988458,1
Texture Only,1,50_1.jpg,50,1,0.7757673857900297,1
Texture Only,1,50_2.jpg,50,1,0.9869630257190561,1
Texture Only,1,62_0.jpg,62,1,0.8370711309522872,1
Texture Only,1,62_1.jpg,62,1,0.9177247186198529,1
Texture Only,1,62_2.jpg,62,1,0.8437635003528868,1
Texture Only,1,62_3.jpg,62,1,0.8932695069251624,1
Texture Only,1,62_4.jpg,62,1,0.935515948170742,1
Texture Only,1,62_5.jpg,62,1,0.8145563060257309,1
Texture Only,1,63_0.jpg,63,1,0.8697848481000102,1
Texture Only,1,63_1.jpg,63,1,0.8257394318280566,1
Texture Only,1,63_2.jpg,63,1,0.7279884945683557,1
Texture Only,1,63_3.jpg,63,1,0.8864337621943926,1
Texture Only,1,63_4.jpg,63,1,0.8893810211460633,1
Texture Only,1,63_5.jpg,63,1,0.8736798783099399,1
Texture Only,1,63_6.jpg,63,1,0.8320476158920488,1
Texture Only,1,64_0.jpg,64,1,0.9477244927204311,1
Texture Only,1,64_1.jpg,64,1,0.9179889948858784,1
Texture Only,1,64_2.jpg,64,1,0.874924046302548,1
Texture Only,1,64_3.jpg,64,1,0.8821790986921489,1
Texture Only,1,64_4.jpg,64,1,0.8628579642771897,1
Texture Only,1,73_0.jpg,73,1,0.6980734556329844,1
Texture Only,1,73_1.jpg,73,1,0.43293023201514574,0
Texture Only,1,73_2.jpg,73,1,0.7528848916316501,1
Texture Only,1,73_3.jpg,73,1,0.8430069529073181,1
Texture Only,1,75_0.jpg,75,1,0.8332241993044335,1
Texture Only,1,75_1.jpg,75,1,0.8770911424244565,1
Texture Only,1,75_2.jpg,75,1,0.864440039557467,1
Texture Only,1,79_0.jpg,79,1,0.7487327536217785,1
Texture Only,1,79_1.jpg,79,1,0.9248115501661855,1
Texture Only,1,81_0.jpg,81,1,0.9703675753792709,1
Texture Only,1,81_1.jpg,81,1,0.9142161495349543,1
Texture Only,1,81_2.jpg,81,1,0.8780478772251428,1
Texture Only,1,84_0.jpg,84,1,0.8789535271322572,1
Texture Only,1,84_1.jpg,84,1,0.03963890628891551,0
Texture Only,1,8_0.jpg,8,1,0.9705435255889201,1
Texture Only,1,8_1.jpg,8,1,0.6838139175740037,1
Texture Only,1,8_2.jpg,8,1,0.9410363365710347,1
Texture Only,1,8_3.jpg,8,1,0.6930762510518274,1
Texture Only,1,92_0.jpg,92,1,0.9211143560177555,1
Texture Only,1,92_1.jpg,92,1,0.8675631106194701,1
Texture Only,1,94_0.jpg,94,1,0.8971060221473215,1
Texture Only,1,94_1.jpg,94,1,0.8971060221473215,1
Texture Only,1,94_2.jpg,94,1,0.8792469266530203,1
Texture Only,1,94_3.jpg,94,1,0.8498787153044779,1
Texture Only,1,96_0.jpg,96,1,0.8196974159955982,1
Texture Only,1,96_1.jpg,96,1,0.20262602475452313,0
Texture Only,1,96_2.jpg,96,1,0.38903705308527414,0
Texture Only,2,187_0.jpg,187,0,0.34497828210556314,0
Texture Only,2,192_0.jpg,192,0,0.48174632924830135,0
Texture Only,2,192_1.jpg,192,0,0.2540191382419584,0
Texture Only,2,198_0.jpg,198,0,0.19281212692456098,0
Texture Only,2,204_0.jpg,204,0,0.15305389999697214,0
Texture Only,2,204_1.jpg,204,0,0.15561259283355222,0
Texture Only,2,206_0.jpg,206,0,0.7674136916705444,1
Texture Only,2,209_0.jpg,209,0,0.17307262210071997,0
Texture Only,2,215_0.jpg,215,0,0.8884915060745223,1
Texture Only,2,215_1.jpg,215,0,0.8986055143133508,1
Texture Only,2,215_2.jpg,215,0,0.8288387159714524,1
Texture Only,2,215_3.jpg,215,0,0.7859781264762398,1
Texture Only,2,221_0.jpg,221,0,0.518802932524103,1
Texture Only,2,226_0.jpg,226,0,0.7950394318005304,1
Texture Only,2,226_1.jpg,226,0,0.9193198734453428,1
Texture Only,2,229_0.jpg,229,0,0.043843638774052146,0
Texture Only,2,229_1.jpg,229,0,0.9708510698255826,1
Texture Only,2,233_0.jpg,233,0,0.43632480956798325,0
Texture Only,2,236_0.jpg,236,0,0.7299404971426818,1
Texture Only,2,240_0.jpg,240,0,0.3382804751380492,0
Texture Only,2,240_1.jpg,240,0,0.41899390006042664,0
Texture Only,2,240_2.jpg,240,0,0.19174440967382383,0
Texture Only,2,243_0.jpg,243,0,0.7593694994730796,1
Texture Only,2,243_1.jpg,243,0,0.9293323793637589,1
Texture Only,2,248_0.jpg,248,0,0.7250277913649916,1
Texture Only,2,260_0.jpg,260,0,0.3316999525706973,0
Texture Only,2,266_0.jpg,266,0,0.8296516730471309,1
Texture Only,2,271_0.jpg,271,0,0.1472240172860331,0
Texture Only,2,272_0.jpg,272,0,0.2723356142793287,0
Texture Only,2,272_1.jpg,272,0,0.07994211851492544,0
Texture Only,2,275_0.jpg,275,0,0.8838482042228033,1
Texture Only,2,275_1.jpg,275,0,0.765868910371325,1
Texture Only,2,275_2.jpg,275,0,0.3404805249472552,0
Texture Only,2,277_0.jpg,277,0,0.6514551937750855,1
Texture Only,2,277_1.jpg,277,0,0.8216726640424069,1
Texture Only,2,277_2.jpg,277,0,0.8833430256892635,1
Texture Only,2,103_0.jpg,103,1,0.8901802544279236,1
Texture Only,2,103_1.jpg,103,1,0.8032853562397879,1
Texture Only,2,106_0.jpg,106,1,0.7691333738297276,1
Texture Only,2,111_0.jpg,111,1,0.8308473541173682,1
Texture Only,2,115_0.jpg,115,1,0.849231368222648,1
Texture Only,2,115_1.jpg,115,1,0.9053592004492177,1
Texture Only,2,116_0.jpg,116,1,0.9625778874075824,1
Texture Only,2,116_1.jpg,116,1,0.9714212428486335,1
Texture Only,2,119_0.jpg,119,1,0.9377422750344333,1
Texture Only,2,119_1.jpg,119,1,0.8666303899537092,1
Texture Only,2,126_0.jpg,126,1,0.7634262139364765,1
Texture Only,2,126_1.jpg,126,1,0.7898689953231812,1
Texture Only,2,130_0.jpg,130,1,0.79644521564841,1
Texture Only,2,132_0.jpg,132,1,0.18715276970968028,0
Texture Only,2,132_1.jpg,132,1,0.9111251586774567,1
Texture Only,2,145_0.jpg,145,1,0.8982147973719006,1
Texture Only,2,145_1.jpg,145,1,0.887652519051489,1
Texture Only,2,145_2.jpg,145,1,0.8676556172450901,1
Texture Only,2,150_0.jpg,150,1,0.7647894646270221,1
Texture Only,2,150_1.jpg,150,1,0.8676852727809801,1
Texture Only,2,150_10.jpg,150,1,0.9101423179305814,1
Texture Only,2,150_11.jpg,150,1,0.8427778094506657,1
Texture Only,2,150_12.jpg,150,1,0.8438190022474061,1
Texture Only,2,150_13.jpg,150,1,0.7386945302961818,1
Texture Only,2,150_2.jpg,150,1,0.8473858434469054,1
Texture Only,2,150_3.jpg,150,1,0.8532736614397635,1
Texture Only,2,150_4.jpg,150,1,0.7498595942117505,1
Texture Only,2,150_5.jpg,150,1,0.8612237519265854,1
Texture Only,2,150_6.jpg,150,1,0.7258034251812426,1
Texture Only,2,150_7.jpg,150,1,0.9019848795854368,1
Texture Only,2,150_8.jpg,150,1,0.858925204327948,1
Texture Only,2,150_9.jpg,150,1,0.8411709524139219,1
Texture Only,2,151_0.jpg,151,1,0.8437670357038409,1
Texture Only,2,151_1.jpg,151,1,0.9169903419400803,1
Texture Only,2,151_2.jpg,151,1,0.9431810580841996,1
Texture Only,2,151_3.jpg,151,1,0.945428703174385,1
Texture Only,2,151_4.jpg,151,1,0.9384799281960869,1
Texture Only,2,156_0.jpg,156,1,0.6476104297395037,1
Texture Only,2,157_0.jpg,157,1,0.9689797612521798,1
Texture Only,2,157_1.jpg,157,1,0.9202744256109395,1
Texture Only,2,157_2.jpg,157,1,0.8964358930487293,1
Texture Only,2,157_3.jpg,157,1,0.9348299202233926,1
Texture Only,2,162_0.jpg,162,1,0.7896456496048616,1
Texture Only,2,162_1.jpg,162,1,0.7566366050010855,1
Texture Only,2,164_0.jpg,164,1,0.6533131327238675,1
Texture Only,2,164_1.jpg,164,1,0.8626365461306875,1
Texture Only,2,164_2.jpg,164,1,0.826016905472979,1
Texture Only,2,164_3.jpg,164,1,0.7042046566594657,1
Texture Only,2,168_0.jpg,168,1,0.819001020790683,1
Texture Only,2,168_1.jpg,168,1,0.8006126901455388,1
Texture Only,2,168_2.jpg,168,1,0.8814352584353294,1
Texture Only,2,169_0.jpg,169,1,0.2391395129172505,0
Texture Only,2,169_1.jpg,169,1,0.25034387954713067,0
Texture Only,2,169_2.jpg,169,1,0.62786044271781,1
Texture Only,2,169_3.jpg,169,1,0.6931348572405653,1
Texture Only,2,173_0.jpg,173,1,0.8356967445283422,1
Texture Only,2,177_0.jpg,177,1,0.7927539136802966,1
Texture Only,2,177_1.jpg,177,1,0.8650915330502288,1
Texture Only,2,177_2.jpg,177,1,0.8789139740409837,1
Texture Only,2,181_0.jpg,181,1,0.36985024400379957,0
Texture Only,2,181_1.jpg,181,1,0.9465097629473728,1
Texture Only,2,185_0.jpg,185,1,0.9651388535037326,1
Texture Only,2,185_1.jpg,185,1,0.8101935661351596,1
Texture Only,2,185_2.jpg,185,1,0.8696150937423066,1
Texture Only,2,19_0.jpg,19,1,0.8516867296514334,1
Texture Only,2,24_0.jpg,24,1,0.8198888227737591,1
Texture Only,2,29_0.jpg,29,1,0.9359727588704746,1
Texture Only,2,29_1.jpg,29,1,0.8213861524151382,1
Texture Only,2,29_2.jpg,29,1,0.9769605796184512,1
Texture Only,2,35_0.jpg,35,1,0.7157774999108902,1
Texture Only,2,35_1.jpg,35,1,0.8539685828863339,1
Texture Only,2,52_0.jpg,52,1,0.9671128944770041,1
Texture Only,2,52_1.jpg,52,1,0.8800242881572987,1
Texture Only,2,58_0.jpg,58,1,0.944815762578837,1
Texture Only,2,58_1.jpg,58,1,0.9304005988152607,1
Texture Only,2,58_2.jpg,58,1,0.9192855506283171,1
Texture Only,2,59_0.jpg,59,1,0.9028161688184038,1
Texture Only,2,59_1.jpg,59,1,0.7420488413038765,1
Texture Only,2,61_0.jpg,61,1,0.9096610212314651,1
Texture Only,2,61_1.jpg,61,1,0.8389707650827363,1
Texture Only,2,61_2.jpg,61,1,0.9742367115303039,1
Texture Only,2,61_3.jpg,61,1,0.8134201891573966,1
Texture Only,2,61_4.jpg,61,1,0.853360525090053,1
Texture Only,2,68_0.jpg,68,1,0.7044675220433638,1
Texture Only,2,68_1.jpg,68,1,0.9181603721833796,1
Texture Only,2,6_0.jpg,6,1,0.803127218488549,1
Texture Only,2,6_1.jpg,6,1,0.7597882834281598,1
Texture Only,2,71_0.jpg,71,1,0.605160809291965,1
Texture Only,2,71_1.jpg,71,1,0.6696216928296745,1
Texture Only,2,85_0.jpg,85,1,0.8003707971072872,1
Texture Only,2,87_0.jpg,87,1,0.8829873880414288,1
Texture Only,2,87_1.jpg,87,1,0.9236847406554982,1
Texture Only,2,87_2.jpg,87,1,0.9262947603555903,1
Texture Only,2,87_3.jpg,87,1,0.6419845501317261,1
Texture Only,2,87_4.jpg,87,1,0.9383669277311268,1
Texture Only,2,87_5.jpg,87,1,0.902737267603414,1
Texture Only,2,87_6.jpg,87,1,0.8766452135983485,1
Texture Only,2,90_0.jpg,90,1,0.9519635310803909,1
Texture Only,2,93_0.jpg,93,1,0.8757106147151578,1
Texture Only,2,93_1.jpg,93,1,0.8406609055617824,1
Texture Only,3,190_0.jpg,190,0,0.2615141663061595,0
Texture Only,3,191_0.jpg,191,0,0.7564043869908942,1
Texture Only,3,191_1.jpg,191,0,0.6866427856818516,1
Texture Only,3,194_0.jpg,194,0,0.16538455189332285,0
Texture Only,3,194_1.jpg,194,0,0.5724554891532185,1
Texture Only,3,208_0.jpg,208,0,0.8766494641569946,1
Texture Only,3,208_1.jpg,208,0,0.8802613707766427,1
Texture Only,3,211_0.jpg,211,0,0.18931222644149262,0
Texture Only,3,211_1.jpg,211,0,0.2671083653199671,0
Texture Only,3,211_2.jpg,211,0,0.13723595242729922,0
Texture Only,3,220_0.jpg,220,0,0.7388186838065431,1
Texture Only,3,220_1.jpg,220,0,0.6281526175212092,1
Texture Only,3,231_0.jpg,231,0,0.905925669196567,1
Texture Only,3,231_1.jpg,231,0,0.9323372664569878,1
Texture Only,3,238_0.jpg,238,0,0.8136020045227167,1
Texture Only,3,238_1.jpg,238,0,0.29851832742963064,0
Texture Only,3,250_0.jpg,250,0,0.6928212397877985,1
Texture Only,3,250_1.jpg,250,0,0.8922954796480262,1
Texture Only,3,252_0.jpg,252,0,0.5276075367052764,1
Texture Only,3,252_1.jpg,252,0,0.2991456901666956,0
Texture Only,3,253_0.jpg,253,0,0.8073805549743537,1
Texture Only,3,253_1.jpg,253,0,0.9340707517187004,1
Texture Only,3,253_2.jpg,253,0,0.8845032729990262,1
Texture Only,3,255_0.jpg,255,0,0.15643950116800473,0
Texture Only,3,255_1.jpg,255,0,0.5510140940993731,1
Texture Only,3,255_2.jpg,255,0,0.18494618630495058,0
Texture Only,3,257_0.jpg,257,0,0.3760595311765938,0
Texture Only,3,257_1.jpg,257,0,0.30732610031575525,0
Texture Only,3,261_0.jpg,261,0,0.8880000127228744,1
Texture Only,3,261_1.jpg,261,0,0.23403385046229064,0
Texture Only,3,262_0.jpg,262,0,0.4430820734066247,0
Texture Only,3,264_0.jpg,264,0,0.1370960181447189,0
Texture Only,3,268_0.jpg,268,0,0.29568892185668183,0
Texture Only,3,274_0.jpg,274,0,0.3442504865514969,0
Texture Only,3,284_0.jpg,284,0,0.12625177204636912,0
Texture Only,3,284_1.jpg,284,0,0.06973746305742502,0
Texture Only,3,288_0.jpg,288,0,0.3294658692052467,0
Texture Only,3,105_0.jpg,105,1,0.6130688163690983,1
Texture Only,3,105_1.jpg,105,1,0.9664040745204601,1
Texture Only,3,107_0.jpg,107,1,0.8602932471058247,1
Texture Only,3,107_1.jpg,107,1,0.8044304041632023,1
Texture Only,3,107_2.jpg,107,1,0.8320712188794388,1
Texture Only,3,10_0.jpg,10,1,0.9784115472383008,1
Texture Only,3,10_1.jpg,10,1,0.9074909572976945,1
Texture Only,3,10_2.jpg,10,1,0.915,1
Texture Only,3,122_0.jpg,122,1,0.824133709615687,1
Texture Only,3,122_1.jpg,122,1,0.6282069431402777,1
Texture Only,3,125_0.jpg,125,1,0.863793979038718,1
Texture Only,3,12_0.jpg,12,1,0.8233452448677729,1
Texture Only,3,12_1.jpg,12,1,0.776343713036722,1
Texture Only,3,12_2.jpg,12,1,0.8757153061305728,1
Texture Only,3,12_3.jpg,12,1,0.9049654598303656,1
Texture Only,3,12_4.jpg,12,1,0.718625936932115,1
Texture Only,3,131_0.jpg,131,1,0.8197413401485365,1
Texture Only,3,134_0.jpg,134,1,0.8987981205038647,1
Texture Only,3,134_1.jpg,134,1,0.8515185039587536,1
Texture Only,3,141_0.jpg,141,1,0.9031465464200046,1
Texture Only,3,141_1.jpg,141,1,0.9018346108528519,1
Texture Only,3,141_2.jpg,141,1,0.8758149552855073,1
Texture Only,3,141_3.jpg,141,1,0.9095818844156525,1
Texture Only,3,141_4.jpg,141,1,0.9195038179540795,1
Texture Only,3,141_5.jpg,141,1,0.8677723255254568,1
Texture Only,3,141_6.jpg,141,1,0.8817923006081837,1
Texture Only,3,144_0.jpg,144,1,0.7651333579716137,1
Texture Only,3,144_1.jpg,144,1,0.3537118718372721,0
Texture Only,3,144_2.jpg,144,1,0.5361386638244255,1
Texture Only,3,144_3.jpg,144,1,0.537969571652581,1
Texture Only,3,14_0.jpg,14,1,0.9558859454031773,1
Texture Only,3,14_1.jpg,14,1,0.8769031064937569,1
Texture Only,3,166_0.jpg,166,1,0.9594527387507585,1
Texture Only,3,166_1.jpg,166,1,0.309342602692413,0
Texture Only,3,166_2.jpg,166,1,0.9627816862535162,1
Texture Only,3,16_0.jpg,16,1,0.8800902119905787,1
Texture Only,3,16_1.jpg,16,1,0.7415701333267778,1
Texture Only,3,16_2.jpg,16,1,0.7974038581924208,1
Texture Only,3,16_3.jpg,16,1,0.6672478516038959,1
Texture Only,3,16_4.jpg,16,1,0.6456239188514588,1
Texture Only,3,171_0.jpg,171,1,0.8055504554108004,1
Texture Only,3,172_0.jpg,172,1,0.9500726095264526,1
Texture Only,3,172_1.jpg,172,1,0.93915578528041,1
Texture Only,3,172_2.jpg,172,1,0.9548145592412096,1
Texture Only,3,172_3.jpg,172,1,0.9253048523658711,1
Texture Only,3,174_0.jpg,174,1,0.9282358295571789,1
Texture Only,3,178_0.jpg,178,1,0.5750037377934116,1
Texture Only,3,179_0.jpg,179,1,0.8458952078968907,1
Texture Only,3,179_1.jpg,179,1,0.8331637772851623,1
Texture Only,3,179_2.jpg,179,1,0.7856954649668312,1
Texture Only,3,1_0.jpg,1,1,0.8333371976093499,1
Texture Only,3,1_1.jpg,1,1,0.8592348271414834,1
Texture Only,3,21_0.jpg,21,1,0.7102164232745345,1
Texture Only,3,21_1.jpg,21,1,0.8188242473719686,1
Texture Only,3,25_0.jpg,25,1,0.8430924940589789,1
Texture Only,3,25_1.jpg,25,1,0.9223520050106983,1
Texture Only,3,28_0.jpg,28,1,0.9217121806702129,1
Texture Only,3,28_1.jpg,28,1,0.967653872705252,1
Texture Only,3,28_2.jpg,28,1,0.8768580614836264,1
Texture Only,3,28_3.jpg,28,1,0.8882294108918336,1
Texture Only,3,38_0.jpg,38,1,0.6587300542778136,1
Texture Only,3,39_0.jpg,39,1,0.903827391007478,1
Texture Only,3,39_1.jpg,39,1,0.9813686627333026,1
Texture Only,3,39_2.jpg,39,1,0.931970428624594,1
Texture Only,3,39_3.jpg,39,1,0.7495630769153947,1
Texture Only,3,44_0.jpg,44,1,0.889334108615818,1
Texture Only,3,44_1.jpg,44,1,0.932512811464049,1
Texture Only,3,44_2.jpg,44,1,0.959956763844649,1
Texture Only,3,44_3.jpg,44,1,0.9712449173416737,1
Texture Only,3,44_4.jpg,44,1,0.877828422486879,1
Texture Only,3,44_5.jpg,44,1,0.20712872860396503,0
Texture Only,3,44_6.jpg,44,1,0.8971147960921487,1
Texture Only,3,47_0.jpg,47,1,0.9606100485101489,1
Texture Only,3,47_1.jpg,47,1,0.8311292906540692,1
Texture Only,3,47_2.jpg,47,1,0.9103116614175372,1
Texture Only,3,47_3.jpg,47,1,0.8416029216239072,1
Texture Only,3,47_4.jpg,47,1,0.8612867256872694,1
Texture Only,3,47_5.jpg,47,1,0.947437007683287,1
Texture Only,3,47_6.jpg,47,1,0.8595581501220557,1
Texture Only,3,47_7.jpg,47,1,0.8434957771918838,1
Texture Only,3,48_0.jpg,48,1,0.8959006594398709,1
Texture Only,3,4_0.jpg,4,1,0.845828418118859,1
Texture Only,3,51_0.jpg,51,1,0.8698109706097864,1
Texture Only,3,53_0.jpg,53,1,0.9016820871756042,1
Texture Only,3,53_1.jpg,53,1,0.753364104825834,1
Texture Only,3,53_2.jpg,53,1,0.9723435948322396,1
Texture Only,3,53_3.jpg,53,1,0.7692808933300478,1
Texture Only,3,53_4.jpg,53,1,0.8282971246700582,1
Texture Only,3,60_0.jpg,60,1,0.5936451950467583,1
Texture Only,3,69_0.jpg,69,1,0.6963288055117617,1
Texture Only,3,69_1.jpg,69,1,0.754198105721249,1
Texture Only,3,72_0.jpg,72,1,0.89458942776684,1
Texture Only,3,72_1.jpg,72,1,0.9045681186141705,1
Texture Only,3,72_2.jpg,72,1,0.9690063264028962,1
Texture Only,3,72_3.jpg,72,1,0.9005514630790643,1
Texture Only,3,76_0.jpg,76,1,0.9428960766788057,1
Texture Only,3,76_1.jpg,76,1,0.9179273753757806,1
Texture Only,3,80_0.jpg,80,1,0.9818638640479925,1
Texture Only,3,80_1.jpg,80,1,0.9271193161716063,1
Texture Only,3,80_2.jpg,80,1,0.9618646114491486,1
Texture Only,3,82_0.jpg,82,1,0.9026513612935675,1
Texture Only,3,82_1.jpg,82,1,0.9255428125270992,1
Texture Only,3,83_0.jpg,83,1,0.9451863904436553,1
Texture Only,3,83_1.jpg,83,1,0.9301361312316813,1
Texture Only,3,9_0.jpg,9,1,0.738697193517887,1
Texture Only,3,9_1.jpg,9,1,0.9039575113607696,1
Texture Only,4,188_0.jpg,188,0,0.5802598104825819,1
Texture Only,4,188_1.jpg,188,0,0.5591098479615738,1
Texture Only,4,189_0.jpg,189,0,0.9710758362014107,1
Texture Only,4,189_1.jpg,189,0,0.7876244555216594,1
Texture Only,4,189_2.jpg,189,0,0.3383041332356186,0
Texture Only,4,201_0.jpg,201,0,0.6727600844734205,1
Texture Only,4,201_1.jpg,201,0,0.3370214739039672,0
Texture Only,4,203_0.jpg,203,0,0.4386808465005433,0
Texture Only,4,203_1.jpg,203,0,0.5465631785637988,1
Texture Only,4,210_0.jpg,210,0,0.7815816915430394,1
Texture Only,4,214_0.jpg,214,0,0.6828112610419284,1
Texture Only,4,214_1.jpg,214,0,0.16992174057907827,0
Texture Only,4,214_2.jpg,214,0,0.7957765757155891,1
Texture Only,4,214_3.jpg,214,0,0.13698361390873454,0
Texture Only,4,222_0.jpg,222,0,0.23369415847832267,0
Texture Only,4,222_1.jpg,222,0,0.09621913744639356,0
Texture Only,4,224_0.jpg,224,0,0.47221970316562134,0
Texture Only,4,224_1.jpg,224,0,0.15137191093551602,0
Texture Only,4,224_2.jpg,224,0,0.5555834373780607,1
Texture Only,4,224_3.jpg,224,0,0.07209247291859273,0
Texture Only,4,225_0.jpg,225,0,0.26286764705955085,0
Texture Only,4,225_1.jpg,225,0,0.3949823772473575,0
Texture Only,4,232_0.jpg,232,0,0.17906366932365875,0
Texture Only,4,237_0.jpg,237,0,0.847476150006871,1
Texture Only,4,237_1.jpg,237,0,0.37587436531879137,0
Texture Only,4,245_0.jpg,245,0,0.06421185642027437,0
Texture Only,4,245_1.jpg,245,0,0.895654630981606,1
Texture Only,4,245_2.jpg,245,0,0.2526000395355362,0
Texture Only,4,247_0.jpg,247,0,0.37286485189995816,0
Texture Only,4,247_1.jpg,247,0,0.2970987744420017,0
Texture Only,4,254_0.jpg,254,0,0.19960777138326002,0
Texture Only,4,256_0.jpg,256,0,0.07300046337337976,0
Texture Only,4,256_1.jpg,256,0,0.10766079461001331,0
Texture Only,4,259_0.jpg,259,0,0.24231288753090552,0
Texture Only,4,259_1.jpg,259,0,0.6893783203917795,1
Texture Only,4,259_2.jpg,259,0,0.6254808297279957,1
Texture Only,4,259_3.jpg,259,0,0.7747532197658118,1
Texture Only,4,259_4.jpg,259,0,0.7106547585493189,1
Texture Only,4,259_5.jpg,259,0,0.21105984178280096,0
Texture Only,4,265_0.jpg,265,0,0.3353954911786778,0
Texture Only,4,265_1.jpg,265,0,0.06648472823645474,0
Texture Only,4,269_0.jpg,269,0,0.41744735481953227,0
Texture Only,4,269_1.jpg,269,0,0.11357711103815835,0
Texture Only,4,280_0.jpg,280,0,0.1339911358242764,0
Texture Only,4,280_1.jpg,280,0,0.9061675379393802,1
Texture Only,4,285_0.jpg,285,0,0.5773688892702722,1
Texture Only,4,101_0.jpg,101,1,0.8942499857984114,1
Texture Only,4,109_0.jpg,109,1,0.7875809230826987,1
Texture Only,4,109_1.jpg,109,1,0.5814015473284124,1
Texture Only,4,109_2.jpg,109,1,0.9436268330000653,1
Texture Only,4,109_3.jpg,109,1,0.5322887095833027,1
Texture Only,4,109_4.jpg,109,1,0.8923550608871461,1
Texture Only,4,110_0.jpg,110,1,0.7526697744356955,1
Texture Only,4,110_1.jpg,110,1,0.8938178555043902,1
Texture Only,4,110_2.jpg,110,1,0.9435629470339424,1
Texture Only,4,121_0.jpg,121,1,0.8513868710356834,1
Texture Only,4,121_1.jpg,121,1,0.8373783968215917,1
Texture Only,4,121_2.jpg,121,1,0.7949736753283655,1
Texture Only,4,124_0.jpg,124,1,0.6949800208644118,1
Texture Only,4,127_0.jpg,127,1,0.8083078687199537,1
Texture Only,4,128_0.jpg,128,1,0.2682265323035815,0
Texture Only,4,133_0.jpg,133,1,0.9060245693749494,1
Texture Only,4,136_0.jpg,136,1,0.850007273551731,1
Texture Only,4,136_1.jpg,136,1,0.878118942433309,1
Texture Only,4,152_0.jpg,152,1,0.8880272571780792,1
Texture Only,4,154_0.jpg,154,1,0.7139219207595157,1
Texture Only,4,154_1.jpg,154,1,0.7558218267258685,1
Texture Only,4,154_2.jpg,154,1,0.9393649697803113,1
Texture Only,4,154_3.jpg,154,1,0.695780417873319,1
Texture Only,4,154_4.jpg,154,1,0.9819070639542419,1
Texture Only,4,154_5.jpg,154,1,0.8288020616022577,1
Texture Only,4,155_0.jpg,155,1,0.8931002478409177,1
Texture Only,4,155_1.jpg,155,1,0.8908422013841836,1
Texture Only,4,155_2.jpg,155,1,0.5629394913438059,1
Texture Only,4,155_3.jpg,155,1,0.9714463981235139,1
Texture Only,4,159_0.jpg,159,1,0.9069410296192175,1
Texture Only,4,159_1.jpg,159,1,0.7996472771419854,1
Texture Only,4,15_0.jpg,15,1,0.7824756678041438,1
Texture Only,4,163_0.jpg,163,1,0.7980664650292236,1
Texture Only,4,163_1.jpg,163,1,0.870168746523478,1
Texture Only,4,163_2.jpg,163,1,0.9515192333373573,1
Texture Only,4,163_3.jpg,163,1,0.9033074444908817,1
Texture Only,4,163_4.jpg,163,1,0.9187674555519171,1
Texture Only,4,170_0.jpg,170,1,0.7693774264250938,1
Texture Only,4,170_1.jpg,170,1,0.5275460689048994,1
Texture Only,4,170_2.jpg,170,1,0.749760042390445,1
Texture Only,4,170_3.jpg,170,1,0.4917937657869953,0
Texture Only,4,170_4.jpg,170,1,0.7045305501367097,1
Texture Only,4,170_5.jpg,170,1,0.6422024513164653,1
Texture Only,4,17_0.jpg,17,1,0.9450178171150708,1
Texture Only,4,17_1.jpg,17,1,0.8151803012358227,1
Texture Only,4,17_2.jpg,17,1,0.9366942695767699,1
Texture Only,4,17_3.jpg,17,1,0.6418027830176368,1
Texture Only,4,17_4.jpg,17,1,0.7976467507251809,1
Texture Only,4,17_5.jpg,17,1,0.7691766434421594,1
Texture Only,4,183_0.jpg,183,1,0.8574132404808843,1
Texture Only,4,183_1.jpg,183,1,0.7334162210618114,1
Texture Only,4,183_2.jpg,183,1,0.9064821130368661,1
Texture Only,4,183_3.jpg,183,1,0.8915130648756535,1
Texture Only,4,183_4.jpg,183,1,0.9280078357650059,1
Texture Only,4,183_5.jpg,183,1,0.8904802761628248,1
Texture Only,4,183_6.jpg,183,1,0.8840710858690403,1
Texture Only,4,183_7.jpg,183,1,0.9677768911477278,1
Texture Only,4,27_0.jpg,27,1,0.8638218632578218,1
Texture Only,4,27_1.jpg,27,1,0.7838327057288571,1
Texture Only,4,2_0.jpg,2,1,0.8905735223615001,1
Texture Only,4,2_1.jpg,2,1,0.9627790366620301,1
Texture Only,4,33_0.jpg,33,1,0.7212618138390754,1
Texture Only,4,33_1.jpg,33,1,0.8983144244684149,1
Texture Only,4,36_0.jpg,36,1,0.9000870699234079,1
Texture Only,4,36_1.jpg,36,1,0.37117125536666534,0
Texture Only,4,36_10.jpg,36,1,0.8820900554024785,1
Texture Only,4,36_11.jpg,36,1,0.27233660394679904,0
Texture Only,4,36_2.jpg,36,1,0.9237432497592541,1
Texture Only,4,36_3.jpg,36,1,0.4050080728383456,0
Texture Only,4,36_4.jpg,36,1,0.7888416465758534,1
Texture Only,4,36_5.jpg,36,1,0.2532722100560669,0
Texture Only,4,36_6.jpg,36,1,0.9623931680699339,1
Texture Only,4,36_7.jpg,36,1,0.26823719885278224,0
Texture Only,4,36_8.jpg,36,1,0.9272718449385082,1
Texture Only,4,36_9.jpg,36,1,0.6731727691868266,1
Texture Only,4,3_0.jpg,3,1,0.7652793451201658,1
Texture Only,4,3_1.jpg,3,1,0.6581001014437394,1
Texture Only,4,40_0.jpg,40,1,0.9146329871561585,1
Texture Only,4,40_1.jpg,40,1,0.8339299039231188,1
Texture Only,4,42_0.jpg,42,1,0.7828914702691386,1
Texture Only,4,42_1.jpg,42,1,0.9704331403570555,1
Texture Only,4,42_2.jpg,42,1,0.955476581119997,1
Texture Only,4,42_3.jpg,42,1,0.8648649737507756,1
Texture Only,4,45_0.jpg,45,1,0.8914265522117897,1
Texture Only,4,49_0.jpg,49,1,0.8865277592440423,1
Texture Only,4,49_1.jpg,49,1,0.8045458905028223,1
Texture Only,4,56_0.jpg,56,1,0.5222862235230115,1
Texture Only,4,56_1.jpg,56,1,0.5222862235230115,1
Texture Only,4,56_2.jpg,56,1,0.2710057207908039,0
Texture Only,4,56_3.jpg,56,1,0.8343063483808782,1
Texture Only,4,65_0.jpg,65,1,0.6673004564365671,1
Texture Only,4,65_1.jpg,65,1,0.6794443352664615,1
Texture Only,4,65_2.jpg,65,1,0.5910285518863062,1
Texture Only,4,65_3.jpg,65,1,0.9077451732666425,1
Texture Only,4,65_4.jpg,65,1,0.7935080803108928,1
Texture Only,4,65_5.jpg,65,1,0.7526697744356955,1
Texture Only,4,65_6.jpg,65,1,0.5520283078542032,1
Texture Only,4,65_7.jpg,65,1,0.7911373894500657,1
Texture Only,4,66_0.jpg,66,1,0.7801405627960049,1
Texture Only,4,66_1.jpg,66,1,0.8338048647682453,1
Texture Only,4,66_2.jpg,66,1,0.7294120192878067,1
Texture Only,4,66_3.jpg,66,1,0.6014312539553529,1
Texture Only,4,66_4.jpg,66,1,0.8762546754093201,1
Texture Only,4,66_5.jpg,66,1,0.6001739663100669,1
Texture Only,4,70_0.jpg,70,1,0.8567414491900236,1
Texture Only,4,70_1.jpg,70,1,0.8452508178344472,1
Texture Only,4,70_2.jpg,70,1,0.9430731558679781,1
Texture Only,4,74_0.jpg,74,1,0.7728478982351338,1
Texture Only,4,74_1.jpg,74,1,0.828089135257352,1
Texture Only,4,77_0.jpg,77,1,0.6142803747635742,1
Texture Only,4,77_1.jpg,77,1,0.8373744355638071,1
Texture Only,4,77_2.jpg,77,1,0.9287903633142913,1
Texture Only,4,77_3.jpg,77,1,0.9095752034479632,1
Texture Only,4,7_0.jpg,7,1,0.14525440801247175,0
Texture Only,4,91_0.jpg,91,1,0.9723475826804235,1
Texture Only,4,91_1.jpg,91,1,0.6775198647014993,1
Texture Only,4,91_2.jpg,91,1,0.8096466656293458,1
Texture Only,4,91_3.jpg,91,1,0.9205086098901883,1
Texture Only,4,91_4.jpg,91,1,0.7591978235636206,1
Texture Only,4,91_5.jpg,91,1,0.8480624391760105,1
Texture Only,4,91_6.jpg,91,1,0.9660076301586663,1
Texture Only,4,91_7.jpg,91,1,0.8223084236054702,1
Texture Only,4,95_0.jpg,95,1,0.9547826523696338,1
Texture Only,4,95_1.jpg,95,1,0.9716013947341499,1
Texture Only,4,99_0.jpg,99,1,0.8276569221472297,1
Texture Only,4,99_1.jpg,99,1,0.8235926332844979,1
Texture Only,4,99_2.jpg,99,1,0.7706654964320407,1
Texture Only,4,99_3.jpg,99,1,0.90460446251998,1
Texture Only,4,99_4.jpg,99,1,0.6115506210334279,1
Texture Only,4,99_5.jpg,99,1,0.7856126419126855,1
Texture Only,5,193_0.jpg,193,0,0.8315181790831383,1
Texture Only,5,193_1.jpg,193,0,0.6625716342548128,1
Texture Only,5,199_0.jpg,199,0,0.6298650031660458,1
Texture Only,5,199_1.jpg,199,0,0.5123378698916415,1
Texture Only,5,200_0.jpg,200,0,0.20173972529836928,0
Texture Only,5,200_1.jpg,200,0,0.8630382039448231,1
Texture Only,5,200_2.jpg,200,0,0.8100992213689067,1
Texture Only,5,200_3.jpg,200,0,0.6243160647025567,1
Texture Only,5,207_0.jpg,207,0,0.5659774590719384,1
Texture Only,5,207_1.jpg,207,0,0.1310479767377769,0
Texture Only,5,207_2.jpg,207,0,0.43152100402147225,0
Texture Only,5,212_0.jpg,212,0,0.4336693570554896,0
Texture Only,5,217_0.jpg,217,0,0.165295959599825,0
Texture Only,5,219_0.jpg,219,0,0.8436632849829877,1
Texture Only,5,219_1.jpg,219,0,0.6219358703254421,1
Texture Only,5,219_2.jpg,219,0,0.1786281818798383,0
Texture Only,5,228_0.jpg,228,0,0.5066860274300599,1
Texture Only,5,235_0.jpg,235,0,0.4661209275238853,0
Texture Only,5,249_0.jpg,249,0,0.6860447291972926,1
Texture Only,5,249_1.jpg,249,0,0.26737636622317873,0
Texture Only,5,249_2.jpg,249,0,0.7403278502595892,1
Texture Only,5,249_3.jpg,249,0,0.7421877032039133,1
Texture Only,5,251_0.jpg,251,0,0.671775001060578,1
Texture Only,5,258_0.jpg,258,0,0.45215248922271434,0
Texture Only,5,258_1.jpg,258,0,0.14461656848765025,0
Texture Only,5,263_0.jpg,263,0,0.7291266331722661,1
Texture Only,5,267_0.jpg,267,0,0.18715991141769636,0
Texture Only,5,270_0.jpg,270,0,0.21530887622684047,0
Texture Only,5,270_1.jpg,270,0,0.6774778950715559,1
Texture Only,5,278_0.jpg,278,0,0.7607355813377912,1
Texture Only,5,278_1.jpg,278,0,0.7421982469542084,1
Texture Only,5,279_0.jpg,279,0,0.5766104130304924,1
Texture Only,5,279_1.jpg,279,0,0.1265661562464496,0
Texture Only,5,281_0.jpg,281,0,0.7042259870999,1
Texture Only,5,281_1.jpg,281,0,0.32548954995647966,0
Texture Only,5,282_0.jpg,282,0,0.2952182713995738,0
Texture Only,5,282_1.jpg,282,0,0.5613161132316234,1
Texture Only,5,287_0.jpg,287,0,0.6507456967250789,1
Texture Only,5,287_1.jpg,287,0,0.679689282015834,1
Texture Only,5,104_0.jpg,104,1,0.952634711124734,1
Texture Only,5,104_1.jpg,104,1,0.9121900506135909,1
Texture Only,5,104_2.jpg,104,1,0.9133171635035872,1
Texture Only,5,104_3.jpg,104,1,0.8110935065741244,1
Texture Only,5,104_4.jpg,104,1,0.8614137147235077,1
Texture Only,5,104_5.jpg,104,1,0.863762867554168,1
Texture Only,5,104_6.jpg,104,1,0.8101922360678211,1
Texture Only,5,118_0.jpg,118,1,0.9282406818383724,1
Texture Only,5,118_1.jpg,118,1,0.9142389458727084,1
Texture Only,5,11_0.jpg,11,1,0.862517900766693,1
Texture Only,5,120_0.jpg,120,1,0.7797629092842971,1
Texture Only,5,120_1.jpg,120,1,0.795480460328717,1
Texture Only,5,123_0.jpg,123,1,0.8736279524953846,1
Texture Only,5,123_1.jpg,123,1,0.9080060049830361,1
Texture Only,5,123_2.jpg,123,1,0.8985972685655627,1
Texture Only,5,129_0.jpg,129,1,0.9241975696454913,1
Texture Only,5,129_1.jpg,129,1,0.9590347234384231,1
Texture Only,5,129_2.jpg,129,1,0.8480565820719057,1
Texture Only,5,135_0.jpg,135,1,0.8319678189056274,1
Texture Only,5,135_1.jpg,135,1,0.8981086477259684,1
Texture Only,5,135_2.jpg,135,1,0.7765918264560563,1
Texture Only,5,135_3.jpg,135,1,0.7187047074906779,1
Texture Only,5,135_4.jpg,135,1,0.7434655794797094,1
Texture Only,5,13_0.jpg,13,1,0.8856539991932724,1
Texture Only,5,13_1.jpg,13,1,0.8866735452265294,1
Texture Only,5,140_0.jpg,140,1,0.9006645261908893,1
Texture Only,5,140_1.jpg,140,1,0.9217717273251647,1
Texture Only,5,140_2.jpg,140,1,0.8198294308612614,1
Texture Only,5,142_0.jpg,142,1,0.8482894545772705,1
Texture Only,5,146_0.jpg,146,1,0.7426304231118174,1
Texture Only,5,147_0.jpg,147,1,0.9146978006447013,1
Texture Only,5,147_1.jpg,147,1,0.8446387658004917,1
Texture Only,5,148_0.jpg,148,1,0.8424042028100455,1
Texture Only,5,148_1.jpg,148,1,0.8424042028100455,1
Texture Only,5,148_2.jpg,148,1,0.7353065875601194,1
Texture Only,5,148_3.jpg,148,1,0.8897127031258337,1
Texture Only,5,167_0.jpg,167,1,0.8231291197360433,1
Texture Only,5,167_1.jpg,167,1,0.7889384573625547,1
Texture Only,5,176_0.jpg,176,1,0.8518607393953447,1
Texture Only,5,176_1.jpg,176,1,0.8356273268898622,1
Texture Only,5,176_2.jpg,176,1,0.9361697978343217,1
Texture Only,5,180_0.jpg,180,1,0.736131544627145,1
Texture Only,5,180_1.jpg,180,1,0.8280576914855835,1
Texture Only,5,180_2.jpg,180,1,0.9498285812900603,1
Texture Only,5,180_3.jpg,180,1,0.7054611706308855,1
Texture Only,5,180_4.jpg,180,1,0.6978284334157263,1
Texture Only,5,180_5.jpg,180,1,0.8719314012059444,1
Texture Only,5,186_0.jpg,186,1,0.6859470199493805,1
Texture Only,5,186_1.jpg,186,1,0.7192232570203554,1
Texture Only,5,186_2.jpg,186,1,0.673337067862327,1
Texture Only,5,18_0.jpg,18,1,0.8262704433761162,1
Texture Only,5,18_1.jpg,18,1,0.7955239133946502,1
Texture Only,5,18_2.jpg,18,1,0.60859609023993,1
Texture Only,5,18_3.jpg,18,1,0.911473250019699,1
Texture Only,5,18_4.jpg,18,1,0.7559109808398056,1
Texture Only,5,20_0.jpg,20,1,0.8679885716944732,1
Texture Only,5,20_1.jpg,20,1,0.7903191609571205,1
Texture Only,5,22_0.jpg,22,1,0.8265019685682026,1
Texture Only,5,22_1.jpg,22,1,0.7493201188489376,1
Texture Only,5,30_0.jpg,30,1,0.8617301041499412,1
Texture Only,5,31_0.jpg,31,1,0.8187557380649281,1
Texture Only,5,31_1.jpg,31,1,0.9095187434332804,1
Texture Only,5,31_2.jpg,31,1,0.6781197791405232,1
Texture Only,5,31_3.jpg,31,1,0.9461226832536479,1
Texture Only,5,31_4.jpg,31,1,0.6087753540819925,1
Texture Only,5,31_5.jpg,31,1,0.594383157849869,1
Texture Only,5,31_6.jpg,31,1,0.6373089850498896,1
Texture Only,5,34_0.jpg,34,1,0.7940346624299746,1
Texture Only,5,34_1.jpg,34,1,0.8292130484871579,1
Texture Only,5,34_2.jpg,34,1,0.9548739038068941,1
Texture Only,5,34_3.jpg,34,1,0.5987104947909083,1
Texture Only,5,41_0.jpg,41,1,0.8103165220731412,1
Texture Only,5,43_0.jpg,43,1,0.9096093143834006,1
Texture Only,5,43_1.jpg,43,1,0.9808240706804071,1
Texture Only,5,43_2.jpg,43,1,0.8175869383202347,1
Texture Only,5,43_3.jpg,43,1,0.8707758110458795,1
Texture Only,5,46_0.jpg,46,1,0.9766331708988482,1
Texture Only,5,46_1.jpg,46,1,0.9455169944687395,1
Texture Only,5,54_0.jpg,54,1,0.8118231797799182,1
Texture Only,5,54_1.jpg,54,1,0.9807873333846995,1
Texture Only,5,54_2.jpg,54,1,0.9411972926983616,1
Texture Only,5,54_3.jpg,54,1,0.7677339544955772,1
Texture Only,5,55_0.jpg,55,1,0.8738272526280768,1
Texture Only,5,55_1.jpg,55,1,0.7375434569111835,1
Texture Only,5,55_2.jpg,55,1,0.8783420407137282,1
Texture Only,5,55_3.jpg,55,1,0.5878305292172373,1
Texture Only,5,55_4.jpg,55,1,0.8800729651790944,1
Texture Only,5,57_0.jpg,57,1,0.8705725939502186,1
Texture Only,5,57_1.jpg,57,1,0.8635405151199648,1
Texture Only,5,57_2.jpg,57,1,0.854436081849537,1
Texture Only,5,5_0.jpg,5,1,0.9561715779838265,1
Texture Only,5,5_1.jpg,5,1,0.9304554533261407,1
Texture Only,5,67_0.jpg,67,1,0.5331919804964105,1
Texture Only,5,78_0.jpg,78,1,0.8310134396087676,1
Texture Only,5,78_1.jpg,78,1,0.7987396601188155,1
Texture Only,5,86_0.jpg,86,1,0.7628246749551829,1
Texture Only,5,86_1.jpg,86,1,0.7628246749551829,1
Texture Only,5,88_0.jpg,88,1,0.7895136688607179,1
Texture Only,5,89_0.jpg,89,1,0.8534187624426117,1
Texture Only,5,97_0.jpg,97,1,0.8343389388884397,1
Texture Only,5,98_0.jpg,98,1,0.8668877458571562,1
Disc & Vessel,1,195_0.jpg,195,0,0.6059003600953679,1
Disc & Vessel,1,195_1.jpg,195,0,0.7924365229851709,1
Disc & Vessel,1,195_2.jpg,195,0,0.1733188330940618,0
Disc & Vessel,1,196_0.jpg,196,0,0.5049534770860415,1
Disc & Vessel,1,197_0.jpg,197,0,0.25598538565982526,0
Disc & Vessel,1,202_0.jpg,202,0,0.6809431375058773,1
Disc & Vessel,1,202_1.jpg,202,0,0.13076744996097817,0
Disc & Vessel,1,205_0.jpg,205,0,0.37747289663699496,0
Disc & Vessel,1,205_1.jpg,205,0,0.26548140560249833,0
Disc & Vessel,1,213_0.jpg,213,0,0.21135876535262407,0
Disc & Vessel,1,216_0.jpg,216,0,0.6917341493513122,1
Disc & Vessel,1,218_0.jpg,218,0,0.69340331243063,1
Disc & Vessel,1,223_0.jpg,223,0,0.4080347760336472,0
Disc & Vessel,1,223_1.jpg,223,0,0.13144480334881684,0
Disc & Vessel,1,223_2.jpg,223,0,0.5400020280301494,1
Disc & Vessel,1,227_0.jpg,227,0,0.1522774127018825,0
Disc & Vessel,1,227_1.jpg,227,0,0.8190477650971977,1
Disc & Vessel,1,227_2.jpg,227,0,0.9498031491902716,1
Disc & Vessel,1,227_3.jpg,227,0,0.7653069344694491,1
Disc & Vessel,1,227_4.jpg,227,0,0.8399363008084139,1
Disc & Vessel,1,230_0.jpg,230,0,0.5443589830455172,1
Disc & Vessel,1,230_1.jpg,230,0,0.15063966096439324,0
Disc & Vessel,1,234_0.jpg,234,0,0.7683543173806782,1
Disc & Vessel,1,234_1.jpg,234,0,0.8013098614663297,1
Disc & Vessel,1,239_0.jpg,239,0,0.35391297085917395,0
Disc & Vessel,1,239_1.jpg,239,0,0.10041649174169559,0
Disc & Vessel,1,241_0.jpg,241,0,0.22998977363505588,0
Disc & Vessel,1,241_1.jpg,241,0,0.5814186379243185,1
Disc & Vessel,1,241_2.jpg,241,0,0.33902382656773616,0
Disc & Vessel,1,242_0.jpg,242,0,0.2820642811376095,0
Disc & Vessel,1,244_0.jpg,244,0,0.8281615123856993,1
Disc & Vessel,1,244_1.jpg,244,0,0.3626191827004155,0
Disc & Vessel,1,246_0.jpg,246,0,0.49882006566427,0
Disc & Vessel,1,273_0.jpg,273,0,0.25562191178535937,0
Disc & Vessel,1,276_0.jpg,276,0,0.622911628814267,1
Disc & Vessel,1,276_1.jpg,276,0,0.35011717859100683,0
Disc & Vessel,1,276_2.jpg,276,0,0.24038300142599045,0
Disc & Vessel,1,283_0.jpg,283,0,0.958597047122532,1
Disc & Vessel,1,283_1.jpg,283,0,0.45291108489204324,0
Disc & Vessel,1,286_0.jpg,286,0,0.6140662170377593,1
Disc & Vessel,1,286_1.jpg,286,0,0.2505018345369749,0
Disc & Vessel,1,0_0.jpg,0,1,0.8460420970448507,1
Disc & Vessel,1,100_0.jpg,100,1,0.1481002870244204,0
Disc & Vessel,1,100_1.jpg,100,1,0.58467118680249,1
Disc & Vessel,1,100_2.jpg,100,1,0.8349891786258664,1
Disc & Vessel,1,100_3.jpg,100,1,0.7030396020757478,1
Disc & Vessel,1,100_4.jpg,100,1,0.7989277142160024,1
Disc & Vessel,1,100_5.jpg,100,1,0.43013817848162383,0
Disc & Vessel,1,100_6.jpg,100,1,0.779341285070237,1
Disc & Vessel,1,100_7.jpg,100,1,0.7290924026730119,1
Disc & Vessel,1,100_8.jpg,100,1,0.6758800065251003,1
Disc & Vessel,1,100_9.jpg,100,1,0.8277998601654,1
Disc & Vessel,1,102_0.jpg,102,1,0.7500824525689938,1
Disc & Vessel,1,102_1.jpg,102,1,0.9105076605902523,1
Disc & Vessel,1,108_0.jpg,108,1,0.6202400376679564,1
Disc & Vessel,1,108_1.jpg,108,1,0.5929731755075296,1
Disc & Vessel,1,108_2.jpg,108,1,0.7770369828775094,1
Disc & Vessel,1,108_3.jpg,108,1,0.7874795714505838,1
Disc & Vessel,1,108_4.jpg,108,1,0.6157507366545183,1
Disc & Vessel,1,112_0.jpg,112,1,0.8353696986306086,1
Disc & Vessel,1,112_1.jpg,112,1,0.6462151148102511,1
Disc & Vessel,1,112_2.jpg,112,1,0.6698042625518261,1
Disc & Vessel,1,113_0.jpg,113,1,0.7588870465145405,1
Disc & Vessel,1,114_0.jpg,114,1,0.8419989085819026,1
Disc & Vessel,1,114_1.jpg,114,1,0.6298804342367532,1
Disc & Vessel,1,114_2.jpg,114,1,0.9155504054992107,1
Disc & Vessel,1,117_0.jpg,117,1,0.7656879381073961,1
Disc & Vessel,1,137_0.jpg,137,1,0.6558697553209756,1
Disc & Vessel,1,138_0.jpg,138,1,0.7724351963067849,1
Disc & Vessel,1,138_1.jpg,138,1,0.8267825160439659,1
Disc & Vessel,1,138_2.jpg,138,1,0.843454479697599,1
Disc & Vessel,1,139_0.jpg,139,1,0.810456951057955,1
Disc & Vessel,1,139_1.jpg,139,1,0.7391717337711564,1
Disc & Vessel,1,139_2.jpg,139,1,0.7610811849799645,1
Disc & Vessel,1,143_0.jpg,143,1,0.6544323681291893,1
Disc & Vessel,1,143_1.jpg,143,1,0.7391992752494074,1
Disc & Vessel,1,143_2.jpg,143,1,0.7111238978379437,1
Disc & Vessel,1,143_3.jpg,143,1,0.7200039095219511,1
Disc & Vessel,1,143_4.jpg,143,1,0.6452246020253333,1
Disc & Vessel,1,149_0.jpg,149,1,0.7536301374981516,1
Disc & Vessel,1,153_0.jpg,153,1,0.8292931517835129,1
Disc & Vessel,1,153_1.jpg,153,1,0.7199612128553509,1
Disc & Vessel,1,153_2.jpg,153,1,0.7742745567939029,1
Disc & Vessel,1,153_3.jpg,153,1,0.6236206637814944,1
Disc & Vessel,1,158_0.jpg,158,1,0.8730326976439322,1
Disc & Vessel,1,158_1.jpg,158,1,0.8800524721982432,1
Disc & Vessel,1,160_0.jpg,160,1,0.6685052446478796,1
Disc & Vessel,1,160_1.jpg,160,1,0.6490884991594973,1
Disc & Vessel,1,161_0.jpg,161,1,0.7439532264122716,1
Disc & Vessel,1,165_0.jpg,165,1,0.6711663817556641,1
Disc & Vessel,1,165_1.jpg,165,1,0.8573117872337215,1
Disc & Vessel,1,165_2.jpg,165,1,0.7866923484985365,1
Disc & Vessel,1,175_0.jpg,175,1,0.8036341162264853,1
Disc & Vessel,1,175_1.jpg,175,1,0.820908671149518,1
Disc & Vessel,1,184_0.jpg,184,1,0.8398757904996097,1
Disc & Vessel,1,184_1.jpg,184,1,0.7496718165697354,1
Disc & Vessel,1,23_0.jpg,23,1,0.42613790645097976,0
Disc & Vessel,1,23_1.jpg,23,1,0.5824611175661244,1
Disc & Vessel,1,26_0.jpg,26,1,0.6879283174380814,1
Disc & Vessel,1,26_1.jpg,26,1,0.8563696690550369,1
Disc & Vessel,1,32_0.jpg,32,1,0.8567117985750591,1
Disc & Vessel,1,32_1.jpg,32,1,0.5241985402022988,1
Disc & Vessel,1,32_2.jpg,32,1,0.601914162668809,1
Disc & Vessel,1,37_0.jpg,37,1,0.9616077577177837,1
Disc & Vessel,1,50_0.jpg,50,1,0.7227592079299696,1
Disc & Vessel,1,50_1.jpg,50,1,0.7340799187866571,1
Disc & Vessel,1,50_2.jpg,50,1,0.9105103451535325,1
Disc & Vessel,1,62_0.jpg,62,1,0.9238897161088392,1
Disc & Vessel,1,62_1.jpg,62,1,0.778658399273079,1
Disc & Vessel,1,62_2.jpg,62,1,0.9004165429772232,1
Disc & Vessel,1,62_3.jpg,62,1,0.8303689704813941,1
Disc & Vessel,1,62_4.jpg,62,1,0.792556253125443,1
Disc & Vessel,1,62_5.jpg,62,1,0.7794840156683851,1
Disc & Vessel,1,63_0.jpg,63,1,0.8967593494438212,1
Disc & Vessel,1,63_1.jpg,63,1,0.8387932470390481,1
Disc & Vessel,1,63_2.jpg,63,1,0.905451417096991,1
Disc & Vessel,1,63_3.jpg,63,1,0.9096954659811441,1
Disc & Vessel,1,63_4.jpg,63,1,0.8649763175273436,1
Disc & Vessel,1,63_5.jpg,63,1,0.8728169749938195,1
Disc & Vessel,1,63_6.jpg,63,1,0.932917330405413,1
Disc & Vessel,1,64_0.jpg,64,1,0.7509511906823437,1
Disc & Vessel,1,64_1.jpg,64,1,0.9007378051202146,1
Disc & Vessel,1,64_2.jpg,64,1,0.7241143598818867,1
Disc & Vessel,1,64_3.jpg,64,1,0.636378488472099,1
Disc & Vessel,1,64_4.jpg,64,1,0.7638985973972262,1
Disc & Vessel,1,73_0.jpg,73,1,0.7194990432435353,1
Disc & Vessel,1,73_1.jpg,73,1,0.8476686697523661,1
Disc & Vessel,1,73_2.jpg,73,1,0.5230592541434159,1
Disc & Vessel,1,73_3.jpg,73,1,0.8675194360536467,1
Disc & Vessel,1,75_0.jpg,75,1,0.9191997460549491,1
Disc & Vessel,1,75_1.jpg,75,1,0.8755629204947911,1
Disc & Vessel,1,75_2.jpg,75,1,0.8477155255642279,1
Disc & Vessel,1,79_0.jpg,79,1,0.9307293092896951,1
Disc & Vessel,1,79_1.jpg,79,1,0.8240929357979525,1
Disc & Vessel,1,81_0.jpg,81,1,0.9271527059231616,1
Disc & Vessel,1,81_1.jpg,81,1,0.8148421166663695,1
Disc & Vessel,1,81_2.jpg,81,1,0.833424429297394,1
Disc & Vessel,1,84_0.jpg,84,1,0.857033028247642,1
Disc & Vessel,1,84_1.jpg,84,1,0.06543828291564,0
Disc & Vessel,1,8_0.jpg,8,1,0.8675313316946606,1
Disc & Vessel,1,8_1.jpg,8,1,0.6296606230353029,1
Disc & Vessel,1,8_2.jpg,8,1,0.9042989098766424,1
Disc & Vessel,1,8_3.jpg,8,1,0.6457724342009107,1
Disc & Vessel,1,92_0.jpg,92,1,0.7138371463332406,1
Disc & Vessel,1,92_1.jpg,92,1,0.7276327436577797,1
Disc & Vessel,1,94_0.jpg,94,1,0.8428128706186773,1
Disc & Vessel,1,94_1.jpg,94,1,0.8428128706186773,1
Disc & Vessel,1,94_2.jpg,94,1,0.8121521197787501,1
Disc & Vessel,1,94_3.jpg,94,1,0.7472594235467918,1
Disc & Vessel,1,96_0.jpg,96,1,0.763000169619185,1
Disc & Vessel,1,96_1.jpg,96,1,0.33242415407664294,0
Disc & Vessel,1,96_2.jpg,96,1,0.5205204212146584,1
Disc & Vessel,2,187_0.jpg,187,0,0.33216973528264965,0
Disc & Vessel,2,192_0.jpg,192,0,0.24629566271202602,0
Disc & Vessel,2,192_1.jpg,192,0,0.15252032304791246,0
Disc & Vessel,2,198_0.jpg,198,0,0.24477791435538068,0
Disc & Vessel,2,204_0.jpg,204,0,0.21674909785476867,0
Disc & Vessel,2,204_1.jpg,204,0,0.24027395559873363,0
Disc & Vessel,2,206_0.jpg,206,0,0.7914356354959367,1
Disc & Vessel,2,209_0.jpg,209,0,0.37553768743415405,0
Disc & Vessel,2,215_0.jpg,215,0,0.8523139670468979,1
Disc & Vessel,2,215_1.jpg,215,0,0.768669760943383,1
Disc & Vessel,2,215_2.jpg,215,0,0.6366450143501456,1
Disc & Vessel,2,215_3.jpg,215,0,0.7963980479653452,1
Disc & Vessel,2,221_0.jpg,221,0,0.6882296452100046,1
Disc & Vessel,2,226_0.jpg,226,0,0.6900974154503089,1
Disc & Vessel,2,226_1.jpg,226,0,0.7169099725225084,1
Disc & Vessel,2,229_0.jpg,229,0,0.6477797161581001,1
Disc & Vessel,2,229_1.jpg,229,0,0.8185172310935763,1
Disc & Vessel,2,233_0.jpg,233,0,0.31510850781886274,0
Disc & Vessel,2,236_0.jpg,236,0,0.6269830400869773,1
Disc & Vessel,2,240_0.jpg,240,0,0.383711774209265,0
Disc & Vessel,2,240_1.jpg,240,0,0.6149574173795059,1
Disc & Vessel,2,240_2.jpg,240,0,0.4791422848434608,0
Disc & Vessel,2,243_0.jpg,243,0,0.8321216742357861,1
Disc & Vessel,2,243_1.jpg,243,0,0.7844153517381897,1
Disc & Vessel,2,248_0.jpg,248,0,0.7803468953444108,1
Disc & Vessel,2,260_0.jpg,260,0,0.38761110893517886,0
Disc & Vessel,2,266_0.jpg,266,0,0.7449407456844115,1
Disc & Vessel,2,271_0.jpg,271,0,0.6578855010761478,1
Disc & Vessel,2,272_0.jpg,272,0,0.4298942490128691,0
Disc & Vessel,2,272_1.jpg,272,0,0.6873908807429124,1
Disc & Vessel,2,275_0.jpg,275,0,0.8649706861047528,1
Disc & Vessel,2,275_1.jpg,275,0,0.6993426082044211,1
Disc & Vessel,2,275_2.jpg,275,0,0.18409187430858437,0
Disc & Vessel,2,277_0.jpg,277,0,0.69598609723349,1
Disc & Vessel,2,277_1.jpg,277,0,0.7401124064497925,1
Disc & Vessel,2,277_2.jpg,277,0,0.7378916020331583,1
Disc & Vessel,2,103_0.jpg,103,1,0.8012647679729334,1
Disc & Vessel,2,103_1.jpg,103,1,0.904257101508088,1
Disc & Vessel,2,106_0.jpg,106,1,0.6660954780034342,1
Disc & Vessel,2,111_0.jpg,111,1,0.8490186628372229,1
Disc & Vessel,2,115_0.jpg,115,1,0.7139521437002739,1
Disc & Vessel,2,115_1.jpg,115,1,0.8889649443397154,1
Disc & Vessel,2,116_0.jpg,116,1,0.7974660059480772,1
Disc & Vessel,2,116_1.jpg,116,1,0.7529805167264755,1
Disc & Vessel,2,119_0.jpg,119,1,0.8660090819684578,1
Disc & Vessel,2,119_1.jpg,119,1,0.8673048716183935,1
Disc & Vessel,2,126_0.jpg,126,1,0.7347252756641897,1
Disc & Vessel,2,126_1.jpg,126,1,0.7954029351865866,1
Disc & Vessel,2,130_0.jpg,130,1,0.7437714320233809,1
Disc & Vessel,2,132_0.jpg,132,1,0.7404685253188693,1
Disc & Vessel,2,132_1.jpg,132,1,0.8798577253457465,1
Disc & Vessel,2,145_0.jpg,145,1,0.7418817096446227,1
Disc & Vessel,2,145_1.jpg,145,1,0.8799080303852884,1
Disc & Vessel,2,145_2.jpg,145,1,0.7640642509980049,1
Disc & Vessel,2,150_0.jpg,150,1,0.84421351719825,1
Disc & Vessel,2,150_1.jpg,150,1,0.8335602614640989,1
Disc & Vessel,2,150_10.jpg,150,1,0.7232538878472959,1
Disc & Vessel,2,150_11.jpg,150,1,0.6632426842450481,1
Disc & Vessel,2,150_12.jpg,150,1,0.7551027465359702,1
Disc & Vessel,2,150_13.jpg,150,1,0.6610022678558869,1
Disc & Vessel,2,150_2.jpg,150,1,0.6845247171969144,1
Disc & Vessel,2,150_3.jpg,150,1,0.7786977774357058,1
Disc & Vessel,2,150_4.jpg,150,1,0.8828770345707914,1
Disc & Vessel,2,150_5.jpg,150,1,0.9020187692850805,1
Disc & Vessel,2,150_6.jpg,150,1,0.7896003933963875,1
Disc & Vessel,2,150_7.jpg,150,1,0.8413107440092447,1
Disc & Vessel,2,150_8.jpg,150,1,0.8222457518224457,1
Disc & Vessel,2,150_9.jpg,150,1,0.7817087881503482,1
Disc & Vessel,2,151_0.jpg,151,1,0.9127376916619938,1
Disc & Vessel,2,151_1.jpg,151,1,0.872538455038592,1
Disc & Vessel,2,151_2.jpg,151,1,0.850025782669154,1
Disc & Vessel,2,151_3.jpg,151,1,0.6178645771490496,1
Disc & Vessel,2,151_4.jpg,151,1,0.8384204363134762,1
Disc & Vessel,2,156_0.jpg,156,1,0.8727281607424068,1
Disc & Vessel,2,157_0.jpg,157,1,0.6632863062106886,1
Disc & Vessel,2,157_1.jpg,157,1,0.6491445573123369,1
Disc & Vessel,2,157_2.jpg,157,1,0.7145025652051764,1
Disc & Vessel,2,157_3.jpg,157,1,0.5764600572027809,1
Disc & Vessel,2,162_0.jpg,162,1,0.9449873868920284,1
Disc & Vessel,2,162_1.jpg,162,1,0.7273528066441598,1
Disc & Vessel,2,164_0.jpg,164,1,0.7748010275356301,1
Disc & Vessel,2,164_1.jpg,164,1,0.5818356605691785,1
Disc & Vessel,2,164_2.jpg,164,1,0.7494810023077314,1
Disc & Vessel,2,164_3.jpg,164,1,0.7082568386975976,1
Disc & Vessel,2,168_0.jpg,168,1,0.6415421780565066,1
Disc & Vessel,2,168_1.jpg,168,1,0.6193087296844442,1
Disc & Vessel,2,168_2.jpg,168,1,0.7187349841798673,1
Disc & Vessel,2,169_0.jpg,169,1,0.5156851014232661,1
Disc & Vessel,2,169_1.jpg,169,1,0.5361332061843749,1
Disc & Vessel,2,169_2.jpg,169,1,0.5633800442283544,1
Disc & Vessel,2,169_3.jpg,169,1,0.6275063132637928,1
Disc & Vessel,2,173_0.jpg,173,1,0.7868618568901599,1
Disc & Vessel,2,177_0.jpg,177,1,0.8355736137936494,1
Disc & Vessel,2,177_1.jpg,177,1,0.8870072551333564,1
Disc & Vessel,2,177_2.jpg,177,1,0.7565265643146337,1
Disc & Vessel,2,181_0.jpg,181,1,0.5196233648478955,1
Disc & Vessel,2,181_1.jpg,181,1,0.718889016281577,1
Disc & Vessel,2,185_0.jpg,185,1,0.7880459133363096,1
Disc & Vessel,2,185_1.jpg,185,1,0.6284614000912512,1
Disc & Vessel,2,185_2.jpg,185,1,0.8163232198416607,1
Disc & Vessel,2,19_0.jpg,19,1,0.8849282247394211,1
Disc & Vessel,2,24_0.jpg,24,1,0.8918017494467327,1
Disc & Vessel,2,29_0.jpg,29,1,0.8912650503598765,1
Disc & Vessel,2,29_1.jpg,29,1,0.8097807366952893,1
Disc & Vessel,2,29_2.jpg,29,1,0.836024714580694,1
Disc & Vessel,2,35_0.jpg,35,1,0.9016386426009538,1
Disc & Vessel,2,35_1.jpg,35,1,0.8363306007595182,1
Disc & Vessel,2,52_0.jpg,52,1,0.8803124733061973,1
Disc & Vessel,2,52_1.jpg,52,1,0.7641461933131136,1
Disc & Vessel,2,58_0.jpg,58,1,0.8205166358486642,1
Disc & Vessel,2,58_1.jpg,58,1,0.8616240593278159,1
Disc & Vessel,2,58_2.jpg,58,1,0.8695648305232488,1
Disc & Vessel,2,59_0.jpg,59,1,0.6395498557980299,1
Disc & Vessel,2,59_1.jpg,59,1,0.7609395641932466,1
Disc & Vessel,2,61_0.jpg,61,1,0.6945792360226944,1
Disc & Vessel,2,61_1.jpg,61,1,0.7761641078569346,1
Disc & Vessel,2,61_2.jpg,61,1,0.9007740111133207,1
Disc & Vessel,2,61_3.jpg,61,1,0.8315939690030381,1
Disc & Vessel,2,61_4.jpg,61,1,0.7571851554279081,1
Disc & Vessel,2,68_0.jpg,68,1,0.7782327139912749,1
Disc & Vessel,2,68_1.jpg,68,1,0.8102202355377525,1
Disc & Vessel,2,6_0.jpg,6,1,0.7850463558715458,1
Disc & Vessel,2,6_1.jpg,6,1,0.7646286817279264,1
Disc & Vessel,2,71_0.jpg,71,1,0.792725607458406,1
Disc & Vessel,2,71_1.jpg,71,1,0.845106251068879,1
Disc & Vessel,2,85_0.jpg,85,1,0.9041005898307973,1
Disc & Vessel,2,87_0.jpg,87,1,0.8297339261062134,1
Disc & Vessel,2,87_1.jpg,87,1,0.8857622256700235,1
Disc & Vessel,2,87_2.jpg,87,1,0.7191355932032815,1
Disc & Vessel,2,87_3.jpg,87,1,0.7915456564755411,1
Disc & Vessel,2,87_4.jpg,87,1,0.922472729204851,1
Disc & Vessel,2,87_5.jpg,87,1,0.9002423788231794,1
Disc & Vessel,2,87_6.jpg,87,1,0.853990511820704,1
Disc & Vessel,2,90_0.jpg,90,1,0.8908402879786892,1
Disc & Vessel,2,93_0.jpg,93,1,0.8811819965611096,1
Disc & Vessel,2,93_1.jpg,93,1,0.7993469950752413,1
Disc & Vessel,3,190_0.jpg,190,0,0.295330334287891,0
Disc & Vessel,3,191_0.jpg,191,0,0.7460233495778732,1
Disc & Vessel,3,191_1.jpg,191,0,0.7588586346498216,1
Disc & Vessel,3,194_0.jpg,194,0,0.3253134989435669,0
Disc & Vessel,3,194_1.jpg,194,0,0.35655578193218795,0
Disc & Vessel,3,208_0.jpg,208,0,0.6671563268696162,1
Disc & Vessel,3,208_1.jpg,208,0,0.8184077862867137,1
Disc & Vessel,3,211_0.jpg,211,0,0.38898951075153443,0
Disc & Vessel,3,211_1.jpg,211,0,0.49823159653058097,0
Disc & Vessel,3,211_2.jpg,211,0,0.15069614879124665,0
Disc & Vessel,3,220_0.jpg,220,0,0.7346739813458624,1
Disc & Vessel,3,220_1.jpg,220,0,0.4837495567367133,0
Disc & Vessel,3,231_0.jpg,231,0,0.7421161058288763,1
Disc & Vessel,3,231_1.jpg,231,0,0.770998796925243,1
Disc & Vessel,3,238_0.jpg,238,0,0.7150146184237797,1
Disc & Vessel,3,238_1.jpg,238,0,0.5003118467498158,1
Disc & Vessel,3,250_0.jpg,250,0,0.6023462279892895,1
Disc & Vessel,3,250_1.jpg,250,0,0.7784600945131076,1
Disc & Vessel,3,252_0.jpg,252,0,0.6750759994430834,1
Disc & Vessel,3,252_1.jpg,252,0,0.6697779844755335,1
Disc & Vessel,3,253_0.jpg,253,0,0.791415682522565,1
Disc & Vessel,3,253_1.jpg,253,0,0.8107032958539635,1
Disc & Vessel,3,253_2.jpg,253,0,0.8070902333765961,1
Disc & Vessel,3,255_0.jpg,255,0,0.30351237744075077,0
Disc & Vessel,3,255_1.jpg,255,0,0.666895624905253,1
Disc & Vessel,3,255_2.jpg,255,0,0.5689379320794206,1
Disc & Vessel,3,257_0.jpg,257,0,0.28225503911737065,0
Disc & Vessel,3,257_1.jpg,257,0,0.5010375718000613,1
Disc & Vessel,3,261_0.jpg,261,0,0.6941222094362822,1
Disc & Vessel,3,261_1.jpg,261,0,0.38128701787699626,0
Disc & Vessel,3,262_0.jpg,262,0,0.6873405441503959,1
Disc & Vessel,3,264_0.jpg,264,0,0.5018571772477393,1
Disc & Vessel,3,268_0.jpg,268,0,0.215521775765203,0
Disc & Vessel,3,274_0.jpg,274,0,0.664929765515975,1
Disc & Vessel,3,284_0.jpg,284,0,0.41469319922793607,0
Disc & Vessel,3,284_1.jpg,284,0,0.22860108856510533,0
Disc & Vessel,3,288_0.jpg,288,0,0.32089493168210537,0
Disc & Vessel,3,105_0.jpg,105,1,0.6274729671294635,1
Disc & Vessel,3,105_1.jpg,105,1,0.8261093378637118,1
Disc & Vessel,3,107_0.jpg,107,1,0.7001178911883059,1
Disc & Vessel,3,107_1.jpg,107,1,0.810509306499099,1
Disc & Vessel,3,107_2.jpg,107,1,0.7206800212326206,1
Disc & Vessel,3,10_0.jpg,10,1,0.8762343593284544,1
Disc & Vessel,3,10_1.jpg,10,1,0.8945011719624422,1
Disc & Vessel,3,10_2.jpg,10,1,0.876502870136667,1
Disc & Vessel,3,122_0.jpg,122,1,0.8028607610250377,1
Disc & Vessel,3,122_1.jpg,122,1,0.8454439186032177,1
Disc & Vessel,3,125_0.jpg,125,1,0.8502514207094393,1
Disc & Vessel,3,12_0.jpg,12,1,0.6779985221348622,1
Disc & Vessel,3,12_1.jpg,12,1,0.8414231194558098,1
Disc & Vessel,3,12_2.jpg,12,1,0.7438033442658561,1
Disc & Vessel,3,12_3.jpg,12,1,0.7418552988615303,1
Disc & Vessel,3,12_4.jpg,12,1,0.8692048265352593,1
Disc & Vessel,3,131_0.jpg,131,1,0.801951060938562,1
Disc & Vessel,3,134_0.jpg,134,1,0.8817384161944934,1
Disc & Vessel,3,134_1.jpg,134,1,0.793448748274523,1
Disc & Vessel,3,141_0.jpg,141,1,0.84474264404784,1
Disc & Vessel,3,141_1.jpg,141,1,0.8762809782612265,1
Disc & Vessel,3,141_2.jpg,141,1,0.8098557287845732,1
Disc & Vessel,3,141_3.jpg,141,1,0.8206481692548162,1
Disc & Vessel,3,141_4.jpg,141,1,0.8696647189637143,1
Disc & Vessel,3,141_5.jpg,141,1,0.7496301356861561,1
Disc & Vessel,3,141_6.jpg,141,1,0.8581517040727537,1
Disc & Vessel,3,144_0.jpg,144,1,0.7743120445355471,1
Disc & Vessel,3,144_1.jpg,144,1,0.38099758014168034,0
Disc & Vessel,3,144_2.jpg,144,1,0.805839024582007,1
Disc & Vessel,3,144_3.jpg,144,1,0.7145273924505426,1
Disc & Vessel,3,14_0.jpg,14,1,0.8333883206943401,1
Disc & Vessel,3,14_1.jpg,14,1,0.9142163892818903,1
Disc & Vessel,3,166_0.jpg,166,1,0.861436269127905,1
Disc & Vessel,3,166_1.jpg,166,1,0.6723704969856314,1
Disc & Vessel,3,166_2.jpg,166,1,0.8662586084085433,1
Disc & Vessel,3,16_0.jpg,16,1,0.8769836095427184,1
Disc & Vessel,3,16_1.jpg,16,1,0.7766108934894634,1
Disc & Vessel,3,16_2.jpg,16,1,0.6838902322455702,1
Disc & Vessel,3,16_3.jpg,16,1,0.8166182518985399,1
Disc & Vessel,3,16_4.jpg,16,1,0.7536708724937364,1
Disc & Vessel,3,171_0.jpg,171,1,0.5742391938415861,1
Disc & Vessel,3,172_0.jpg,172,1,0.9326945675542433,1
Disc & Vessel,3,172_1.jpg,172,1,0.8880953173350932,1
Disc & Vessel,3,172_2.jpg,172,1,0.9022929356140853,1
Disc & Vessel,3,172_3.jpg,172,1,0.7493879398419188,1
Disc & Vessel,3,174_0.jpg,174,1,0.7926263399693454,1
Disc & Vessel,3,178_0.jpg,178,1,0.8406096667536057,1
Disc & Vessel,3,179_0.jpg,179,1,0.857721374386056,1
Disc & Vessel,3,179_1.jpg,179,1,0.7197613924037414,1
Disc & Vessel,3,179_2.jpg,179,1,0.853964015039088,1
Disc & Vessel,3,1_0.jpg,1,1,0.7709572043703206,1
Disc & Vessel,3,1_1.jpg,1,1,0.8031913786498929,1
Disc & Vessel,3,21_0.jpg,21,1,0.7947796941991031,1
Disc & Vessel,3,21_1.jpg,21,1,0.8072922940674983,1
Disc & Vessel,3,25_0.jpg,25,1,0.7025394473161392,1
Disc & Vessel,3,25_1.jpg,25,1,0.5674917305953335,1
Disc & Vessel,3,28_0.jpg,28,1,0.8861557399956692,1
Disc & Vessel,3,28_1.jpg,28,1,0.8156576611520298,1
Disc & Vessel,3,28_2.jpg,28,1,0.7433836458383886,1
Disc & Vessel,3,28_3.jpg,28,1,0.7774175262151529,1
Disc & Vessel,3,38_0.jpg,38,1,0.7060190676626109,1
Disc & Vessel,3,39_0.jpg,39,1,0.48073331852462703,0
Disc & Vessel,3,39_1.jpg,39,1,0.8118727987040646,1
Disc & Vessel,3,39_2.jpg,39,1,0.7693251604455463,1
Disc & Vessel,3,39_3.jpg,39,1,0.6775392503138759,1
Disc & Vessel,3,44_0.jpg,44,1,0.8808813166782414,1
Disc & Vessel,3,44_1.jpg,44,1,0.824660010226168,1
Disc & Vessel,3,44_2.jpg,44,1,0.9130419616154859,1
Disc & Vessel,3,44_3.jpg,44,1,0.9058854038426725,1
Disc & Vessel,3,44_4.jpg,44,1,0.8209966463880128,1
Disc & Vessel,3,44_5.jpg,44,1,0.7227053908671651,1
Disc & Vessel,3,44_6.jpg,44,1,0.8972594786664493,1
Disc & Vessel,3,47_0.jpg,47,1,0.8813891848945746,1
Disc & Vessel,3,47_1.jpg,47,1,0.8440983869323295,1
Disc & Vessel,3,47_2.jpg,47,1,0.838156184097794,1
Disc & Vessel,3,47_3.jpg,47,1,0.8785694783237743,1
Disc & Vessel,3,47_4.jpg,47,1,0.8718480337936676,1
Disc & Vessel,3,47_5.jpg,47,1,0.8392702498776836,1
Disc & Vessel,3,47_6.jpg,47,1,0.8465708932292594,1
Disc & Vessel,3,47_7.jpg,47,1,0.8710252604500797,1
Disc & Vessel,3,48_0.jpg,48,1,0.7278043290270446,1
Disc & Vessel,3,4_0.jpg,4,1,0.81450491747275,1
Disc & Vessel,3,51_0.jpg,51,1,0.6871540681688282,1
Disc & Vessel,3,53_0.jpg,53,1,0.9124392174103,1
Disc & Vessel,3,53_1.jpg,53,1,0.844007201175125,1
Disc & Vessel,3,53_2.jpg,53,1,0.8753569277318058,1
Disc & Vessel,3,53_3.jpg,53,1,0.7629553697127257,1
Disc & Vessel,3,53_4.jpg,53,1,0.8521781572138081,1
Disc & Vessel,3,60_0.jpg,60,1,0.8845346012037681,1
Disc & Vessel,3,69_0.jpg,69,1,0.880026485344158,1
Disc & Vessel,3,69_1.jpg,69,1,0.8034534316253433,1
Disc & Vessel,3,72_0.jpg,72,1,0.8045904589576071,1
Disc & Vessel,3,72_1.jpg,72,1,0.7514063035429619,1
Disc & Vessel,3,72_2.jpg,72,1,0.799711328361331,1
Disc & Vessel,3,72_3.jpg,72,1,0.8124472883345976,1
Disc & Vessel,3,76_0.jpg,76,1,0.7676027879155296,1
Disc & Vessel,3,76_1.jpg,76,1,0.6606929287444585,1
Disc & Vessel,3,80_0.jpg,80,1,0.8791797098797639,1
Disc & Vessel,3,80_1.jpg,80,1,0.7688750378175233,1
Disc & Vessel,3,80_2.jpg,80,1,0.9474662812480306,1
Disc & Vessel,3,82_0.jpg,82,1,0.7472220429259906,1
Disc & Vessel,3,82_1.jpg,82,1,0.8968929818915639,1
Disc & Vessel,3,83_0.jpg,83,1,0.6935787453709277,1
Disc & Vessel,3,83_1.jpg,83,1,0.8100732751752442,1
Disc & Vessel,3,9_0.jpg,9,1,0.660556864696255,1
Disc & Vessel,3,9_1.jpg,9,1,0.7008368504260286,1
Disc & Vessel,4,188_0.jpg,188,0,0.8308726139258712,1
Disc & Vessel,4,188_1.jpg,188,0,0.30558249363367984,0
Disc & Vessel,4,189_0.jpg,189,0,0.8102876033528819,1
Disc & Vessel,4,189_1.jpg,189,0,0.657946156241383,1
Disc & Vessel,4,189_2.jpg,189,0,0.30262562786167946,0
Disc & Vessel,4,201_0.jpg,201,0,0.595747781935198,1
Disc & Vessel,4,201_1.jpg,201,0,0.7829757097790331,1
Disc & Vessel,4,203_0.jpg,203,0,0.6626063651534823,1
Disc & Vessel,4,203_1.jpg,203,0,0.7609590362619386,1
Disc & Vessel,4,210_0.jpg,210,0,0.7966315572064967,1
Disc & Vessel,4,214_0.jpg,214,0,0.8736913614457995,1
Disc & Vessel,4,214_1.jpg,214,0,0.32355130202594096,0
Disc & Vessel,4,214_2.jpg,214,0,0.8849421431379366,1
Disc & Vessel,4,214_3.jpg,214,0,0.30222989997123056,0
Disc & Vessel,4,222_0.jpg,222,0,0.885588498630812,1
Disc & Vessel,4,222_1.jpg,222,0,0.34111208181284947,0
Disc & Vessel,4,224_0.jpg,224,0,0.6481004327404104,1
Disc & Vessel,4,224_1.jpg,224,0,0.40071308009721207,0
Disc & Vessel,4,224_2.jpg,224,0,0.5629307582345391,1
Disc & Vessel,4,224_3.jpg,224,0,0.4194648001780037,0
Disc & Vessel,4,225_0.jpg,225,0,0.32786836329614777,0
Disc & Vessel,4,225_1.jpg,225,0,0.4536179078567156,0
Disc & Vessel,4,232_0.jpg,232,0,0.3275004587847826,0
Disc & Vessel,4,237_0.jpg,237,0,0.8945653047350727,1
Disc & Vessel,4,237_1.jpg,237,0,0.8618205380711381,1
Disc & Vessel,4,245_0.jpg,245,0,0.3259275579480564,0
Disc & Vessel,4,245_1.jpg,245,0,0.9150250938925896,1
Disc & Vessel,4,245_2.jpg,245,0,0.2467105072964289,0
Disc & Vessel,4,247_0.jpg,247,0,0.9129845546046391,1
Disc & Vessel,4,247_1.jpg,247,0,0.531791219810499,1
Disc & Vessel,4,254_0.jpg,254,0,0.5249938220479345,1
Disc & Vessel,4,256_0.jpg,256,0,0.4434760258098669,0
Disc & Vessel,4,256_1.jpg,256,0,0.3410977506057521,0
Disc & Vessel,4,259_0.jpg,259,0,0.30637371588940765,0
Disc & Vessel,4,259_1.jpg,259,0,0.7979963970459274,1
Disc & Vessel,4,259_2.jpg,259,0,0.8477070130894739,1
Disc & Vessel,4,259_3.jpg,259,0,0.7760023278227641,1
Disc & Vessel,4,259_4.jpg,259,0,0.7199167446171653,1
Disc & Vessel,4,259_5.jpg,259,0,0.33176220855990857,0
Disc & Vessel,4,265_0.jpg,265,0,0.415120898082717,0
Disc & Vessel,4,265_1.jpg,265,0,0.2536802071910022,0
Disc & Vessel,4,269_0.jpg,269,0,0.5055415813218188,1
Disc & Vessel,4,269_1.jpg,269,0,0.36132753401812523,0
Disc & Vessel,4,280_0.jpg,280,0,0.21935881985243408,0
Disc & Vessel,4,280_1.jpg,280,0,0.8007401952075494,1
Disc & Vessel,4,285_0.jpg,285,0,0.8228222377342239,1
Disc & Vessel,4,101_0.jpg,101,1,0.774132650421755,1
Disc & Vessel,4,109_0.jpg,109,1,0.7239002747608239,1
Disc & Vessel,4,109_1.jpg,109,1,0.6589939735082769,1
Disc & Vessel,4,109_2.jpg,109,1,0.7644241290104519,1
Disc & Vessel,4,109_3.jpg,109,1,0.8019687079828263,1
Disc & Vessel,4,109_4.jpg,109,1,0.946361613889049,1
Disc & Vessel,4,110_0.jpg,110,1,0.820342419613195,1
Disc & Vessel,4,110_1.jpg,110,1,0.855080331299623,1
Disc & Vessel,4,110_2.jpg,110,1,0.928439762288785,1
Disc & Vessel,4,121_0.jpg,121,1,0.7880783211765338,1
Disc & Vessel,4,121_1.jpg,121,1,0.7512081585511932,1
Disc & Vessel,4,121_2.jpg,121,1,0.7827744469440933,1
Disc & Vessel,4,124_0.jpg,124,1,0.7210492412156456,1
Disc & Vessel,4,127_0.jpg,127,1,0.8613722680554592,1
Disc & Vessel,4,128_0.jpg,128,1,0.404864804042411,0
Disc & Vessel,4,133_0.jpg,133,1,0.856841255760059,1
Disc & Vessel,4,136_0.jpg,136,1,0.6874583243025567,1
Disc & Vessel,4,136_1.jpg,136,1,0.7045335213888652,1
Disc & Vessel,4,152_0.jpg,152,1,0.5617079843719747,1
Disc & Vessel,4,154_0.jpg,154,1,0.8485686791569265,1
Disc & Vessel,4,154_1.jpg,154,1,0.721042394441898,1
Disc & Vessel,4,154_2.jpg,154,1,0.8724623067587102,1
Disc & Vessel,4,154_3.jpg,154,1,0.6729198302375612,1
Disc & Vessel,4,154_4.jpg,154,1,0.9000477476922218,1
Disc & Vessel,4,154_5.jpg,154,1,0.7177607243846379,1
Disc & Vessel,4,155_0.jpg,155,1,0.94292763739992,1
Disc & Vessel,4,155_1.jpg,155,1,0.9006089848664125,1
Disc & Vessel,4,155_2.jpg,155,1,0.7398052191636539,1
Disc & Vessel,4,155_3.jpg,155,1,0.8151962034803618,1
Disc & Vessel,4,159_0.jpg,159,1,0.7629957209086183,1
Disc & Vessel,4,159_1.jpg,159,1,0.5307410446882188,1
Disc & Vessel,4,15_0.jpg,15,1,0.5683930816945229,1
Disc & Vessel,4,163_0.jpg,163,1,0.8432475895112954,1
Disc & Vessel,4,163_1.jpg,163,1,0.7766633902832548,1
Disc & Vessel,4,163_2.jpg,163,1,0.7714535811224696,1
Disc & Vessel,4,163_3.jpg,163,1,0.9489656268286341,1
Disc & Vessel,4,163_4.jpg,163,1,0.7534707618870813,1
Disc & Vessel,4,170_0.jpg,170,1,0.834148695058027,1
Disc & Vessel,4,170_1.jpg,170,1,0.6141044375150294,1
Disc & Vessel,4,170_2.jpg,170,1,0.811790177068174,1
Disc & Vessel,4,170_3.jpg,170,1,0.6123394624304872,1
Disc & Vessel,4,170_4.jpg,170,1,0.7914697020034498,1
Disc & Vessel,4,170_5.jpg,170,1,0.7702741234486215,1
Disc & Vessel,4,17_0.jpg,17,1,0.7243776425992785,1
Disc & Vessel,4,17_1.jpg,17,1,0.6213123994689365,1
Disc & Vessel,4,17_2.jpg,17,1,0.792473680103192,1
Disc & Vessel,4,17_3.jpg,17,1,0.651168093796838,1
Disc & Vessel,4,17_4.jpg,17,1,0.5980618594015886,1
Disc & Vessel,4,17_5.jpg,17,1,0.6801446068162008,1
Disc & Vessel,4,183_0.jpg,183,1,0.8304148348107446,1
Disc & Vessel,4,183_1.jpg,183,1,0.8160391357097881,1
Disc & Vessel,4,183_2.jpg,183,1,0.7593040518349033,1
Disc & Vessel,4,183_3.jpg,183,1,0.8295131138283479,1
Disc & Vessel,4,183_4.jpg,183,1,0.8339462584990897,1
Disc & Vessel,4,183_5.jpg,183,1,0.8580332593920715,1
Disc & Vessel,4,183_6.jpg,183,1,0.7370908903627768,1
Disc & Vessel,4,183_7.jpg,183,1,0.773899829989868,1
Disc & Vessel,4,27_0.jpg,27,1,0.8221532634675802,1
Disc & Vessel,4,27_1.jpg,27,1,0.9092055016255375,1
Disc & Vessel,4,2_0.jpg,2,1,0.7991310648747324,1
Disc & Vessel,4,2_1.jpg,2,1,0.8065779113622443,1
Disc & Vessel,4,33_0.jpg,33,1,0.8937985935434173,1
Disc & Vessel,4,33_1.jpg,33,1,0.8818478409139827,1
Disc & Vessel,4,36_0.jpg,36,1,0.9530712752924118,1
Disc & Vessel,4,36_1.jpg,36,1,0.5807309929594995,1
Disc & Vessel,4,36_10.jpg,36,1,0.7993760685602473,1
Disc & Vessel,4,36_11.jpg,36,1,0.4666345689114092,0
Disc & Vessel,4,36_2.jpg,36,1,0.8294203046392811,1
Disc & Vessel,4,36_3.jpg,36,1,0.380889352531015,0
Disc & Vessel,4,36_4.jpg,36,1,0.6908210501020506,1
Disc & Vessel,4,36_5.jpg,36,1,0.4313397548161121,0
Disc & Vessel,4,36_6.jpg,36,1,0.8696747083350616,1
Disc & Vessel,4,36_7.jpg,36,1,0.47716412370365086,0
Disc & Vessel,4,36_8.jpg,36,1,0.8615379560398974,1
Disc & Vessel,4,36_9.jpg,36,1,0.7870123263953243,1
Disc & Vessel,4,3_0.jpg,3,1,0.8284984526384623,1
Disc & Vessel,4,3_1.jpg,3,1,0.7268502214680107,1
Disc & Vessel,4,40_0.jpg,40,1,0.8827043590976692,1
Disc & Vessel,4,40_1.jpg,40,1,0.7929706785327632,1
Disc & Vessel,4,42_0.jpg,42,1,0.9292017099095454,1
Disc & Vessel,4,42_1.jpg,42,1,0.8350354133669415,1
Disc & Vessel,4,42_2.jpg,42,1,0.8233534349814826,1
Disc & Vessel,4,42_3.jpg,42,1,0.8554671201322808,1
Disc & Vessel,4,45_0.jpg,45,1,0.94974756216012,1
Disc & Vessel,4,49_0.jpg,49,1,0.8883118777532001,1
Disc & Vessel,4,49_1.jpg,49,1,0.8112407656781856,1
Disc & Vessel,4,56_0.jpg,56,1,0.8207770803475565,1
Disc & Vessel,4,56_1.jpg,56,1,0.8207770803475565,1
Disc & Vessel,4,56_2.jpg,56,1,0.6537217916860919,1
Disc & Vessel,4,56_3.jpg,56,1,0.7824327424196782,1
Disc & Vessel,4,65_0.jpg,65,1,0.6663171574324984,1
Disc & Vessel,4,65_1.jpg,65,1,0.8357902875651411,1
Disc & Vessel,4,65_2.jpg,65,1,0.8773771799659079,1
Disc & Vessel,4,65_3.jpg,65,1,0.9135800693812979,1
Disc & Vessel,4,65_4.jpg,65,1,0.8154042516181473,1
Disc & Vessel,4,65_5.jpg,65,1,0.820342419613195,1
Disc & Vessel,4,65_6.jpg,65,1,0.651445519832427,1
Disc & Vessel,4,65_7.jpg,65,1,0.8000756995356046,1
Disc & Vessel,4,66_0.jpg,66,1,0.49978262660452294,0
Disc & Vessel,4,66_1.jpg,66,1,0.8181801639144051,1
Disc & Vessel,4,66_2.jpg,66,1,0.921201622463635,1
Disc & Vessel,4,66_3.jpg,66,1,0.6256244413941103,1
Disc & Vessel,4,66_4.jpg,66,1,0.4353508922106426,0
Disc & Vessel,4,66_5.jpg,66,1,0.5333728464271205,1
Disc & Vessel,4,70_0.jpg,70,1,0.9557089373355907,1
Disc & Vessel,4,70_1.jpg,70,1,0.8383486623670362,1
Disc & Vessel,4,70_2.jpg,70,1,0.8485348080068065,1
Disc & Vessel,4,74_0.jpg,74,1,0.9067775656450601,1
Disc & Vessel,4,74_1.jpg,74,1,0.8114918343814499,1
Disc & Vessel,4,77_0.jpg,77,1,0.6619399939413472,1
Disc & Vessel,4,77_1.jpg,77,1,0.40249989863242197,0
Disc & Vessel,4,77_2.jpg,77,1,0.7584604767677302,1
Disc & Vessel,4,77_3.jpg,77,1,0.6378519699256203,1
Disc & Vessel,4,7_0.jpg,7,1,0.6212370857871234,1
Disc & Vessel,4,91_0.jpg,91,1,0.7712369093617901,1
Disc & Vessel,4,91_1.jpg,91,1,0.8404121326000593,1
Disc & Vessel,4,91_2.jpg,91,1,0.7785767796350075,1
Disc & Vessel,4,91_3.jpg,91,1,0.6355559622411535,1
Disc & Vessel,4,91_4.jpg,91,1,0.646470110125065,1
Disc & Vessel,4,91_5.jpg,91,1,0.629643847545778,1
Disc & Vessel,4,91_6.jpg,91,1,0.778958809613048,1
Disc & Vessel,4,91_7.jpg,91,1,0.7766276145342894,1
Disc & Vessel,4,95_0.jpg,95,1,0.7406243993491403,1
Disc & Vessel,4,95_1.jpg,95,1,0.7621618731300995,1
Disc & Vessel,4,99_0.jpg,99,1,0.8393569086971467,1
Disc & Vessel,4,99_1.jpg,99,1,0.8653406628247059,1
Disc & Vessel,4,99_2.jpg,99,1,0.7484219402383914,1
Disc & Vessel,4,99_3.jpg,99,1,0.8259569049396441,1
Disc & Vessel,4,99_4.jpg,99,1,0.8870993748224472,1
Disc & Vessel,4,99_5.jpg,99,1,0.8657711933031023,1
Disc & Vessel,5,193_0.jpg,193,0,0.7244028420956091,1
Disc & Vessel,5,193_1.jpg,193,0,0.758643281727305,1
Disc & Vessel,5,199_0.jpg,199,0,0.2622582066218941,0
Disc & Vessel,5,199_1.jpg,199,0,0.20723353096805808,0
Disc & Vessel,5,200_0.jpg,200,0,0.3439519707841643,0
Disc & Vessel,5,200_1.jpg,200,0,0.8729464593108217,1
Disc & Vessel,5,200_2.jpg,200,0,0.905715713614397,1
Disc & Vessel,5,200_3.jpg,200,0,0.6323336077464908,1
Disc & Vessel,5,207_0.jpg,207,0,0.5008118337663183,1
Disc & Vessel,5,207_1.jpg,207,0,0.22175033430398702,0
Disc & Vessel,5,207_2.jpg,207,0,0.4672595735807187,0
Disc & Vessel,5,212_0.jpg,212,0,0.4327011853024191,0
Disc & Vessel,5,217_0.jpg,217,0,0.18545001241231127,0
Disc & Vessel,5,219_0.jpg,219,0,0.5843733554815485,1
Disc & Vessel,5,219_1.jpg,219,0,0.7331396445488533,1
Disc & Vessel,5,219_2.jpg,219,0,0.2653560636742762,0
Disc & Vessel,5,228_0.jpg,228,0,0.35875794430165603,0
Disc & Vessel,5,235_0.jpg,235,0,0.48264426998692317,0
Disc & Vessel,5,249_0.jpg,249,0,0.7941158679834872,1
Disc & Vessel,5,249_1.jpg,249,0,0.29393272798809705,0
Disc & Vessel,5,249_2.jpg,249,0,0.7692448949673225,1
Disc & Vessel,5,249_3.jpg,249,0,0.8696524761275888,1
Disc & Vessel,5,251_0.jpg,251,0,0.7432981667643456,1
Disc & Vessel,5,258_0.jpg,258,0,0.3483684491569087,0
Disc & Vessel,5,258_1.jpg,258,0,0.20703893764871573,0
Disc & Vessel,5,263_0.jpg,263,0,0.8602678163488097,1
Disc & Vessel,5,267_0.jpg,267,0,0.28368429866227396,0
Disc & Vessel,5,270_0.jpg,270,0,0.424713168625405,0
Disc & Vessel,5,270_1.jpg,270,0,0.3243171239539353,0
Disc & Vessel,5,278_0.jpg,278,0,0.8509068118774679,1
Disc & Vessel,5,278_1.jpg,278,0,0.7057107967941199,1
Disc & Vessel,5,279_0.jpg,279,0,0.8776022099609345,1
Disc & Vessel,5,279_1.jpg,279,0,0.784245792340134,1
Disc & Vessel,5,281_0.jpg,281,0,0.7435134368443815,1
Disc & Vessel,5,281_1.jpg,281,0,0.6547335186856806,1
Disc & Vessel,5,282_0.jpg,282,0,0.45351724323486114,0
Disc & Vessel,5,282_1.jpg,282,0,0.394494020308459,0
Disc & Vessel,5,287_0.jpg,287,0,0.9035175117039977,1
Disc & Vessel,5,287_1.jpg,287,0,0.8602135322109287,1
Disc & Vessel,5,104_0.jpg,104,1,0.805613010886552,1
Disc & Vessel,5,104_1.jpg,104,1,0.8682594487142761,1
Disc & Vessel,5,104_2.jpg,104,1,0.9477930087987594,1
Disc & Vessel,5,104_3.jpg,104,1,0.851447811087113,1
Disc & Vessel,5,104_4.jpg,104,1,0.8744361471622399,1
Disc & Vessel,5,104_5.jpg,104,1,0.8872032565845984,1
Disc & Vessel,5,104_6.jpg,104,1,0.798322610857265,1
Disc & Vessel,5,118_0.jpg,118,1,0.6849497809077074,1
Disc & Vessel,5,118_1.jpg,118,1,0.8554358010253612,1
Disc & Vessel,5,11_0.jpg,11,1,0.9039268048287448,1
Disc & Vessel,5,120_0.jpg,120,1,0.6355112606217846,1
Disc & Vessel,5,120_1.jpg,120,1,0.7919250182701315,1
Disc & Vessel,5,123_0.jpg,123,1,0.9268569984563905,1
Disc & Vessel,5,123_1.jpg,123,1,0.8999710024634834,1
Disc & Vessel,5,123_2.jpg,123,1,0.8215697921849332,1
Disc & Vessel,5,129_0.jpg,129,1,0.7725890358373946,1
Disc & Vessel,5,129_1.jpg,129,1,0.8523449337266036,1
Disc & Vessel,5,129_2.jpg,129,1,0.8069310358605155,1
Disc & Vessel,5,135_0.jpg,135,1,0.8602036038363294,1
Disc & Vessel,5,135_1.jpg,135,1,0.8602998286903367,1
Disc & Vessel,5,135_2.jpg,135,1,0.7730519913698031,1
Disc & Vessel,5,135_3.jpg,135,1,0.8084621514982858,1
Disc & Vessel,5,135_4.jpg,135,1,0.8565279036522546,1
Disc & Vessel,5,13_0.jpg,13,1,0.627862427766553,1
Disc & Vessel,5,13_1.jpg,13,1,0.8940507762889592,1
Disc & Vessel,5,140_0.jpg,140,1,0.7731412215017096,1
Disc & Vessel,5,140_1.jpg,140,1,0.8184985025061553,1
Disc & Vessel,5,140_2.jpg,140,1,0.8430351757849894,1
Disc & Vessel,5,142_0.jpg,142,1,0.8209972751576561,1
Disc & Vessel,5,146_0.jpg,146,1,0.8035246815711815,1
Disc & Vessel,5,147_0.jpg,147,1,0.8279094897553368,1
Disc & Vessel,5,147_1.jpg,147,1,0.8579059193611416,1
Disc & Vessel,5,148_0.jpg,148,1,0.8683554147626827,1
Disc & Vessel,5,148_1.jpg,148,1,0.8683554147626827,1
Disc & Vessel,5,148_2.jpg,148,1,0.9050741230732274,1
Disc & Vessel,5,148_3.jpg,148,1,0.8138530096015075,1
Disc & Vessel,5,167_0.jpg,167,1,0.7649641603061732,1
Disc & Vessel,5,167_1.jpg,167,1,0.8431051717335966,1
Disc & Vessel,5,176_0.jpg,176,1,0.8352705693076444,1
Disc & Vessel,5,176_1.jpg,176,1,0.798076329582431,1
Disc & Vessel,5,176_2.jpg,176,1,0.9056696620296938,1
Disc & Vessel,5,180_0.jpg,180,1,0.7151326067481649,1
Disc & Vessel,5,180_1.jpg,180,1,0.7691754514804449,1
Disc & Vessel,5,180_2.jpg,180,1,0.8297903732950619,1
Disc & Vessel,5,180_3.jpg,180,1,0.5519434838223106,1
Disc & Vessel,5,180_4.jpg,180,1,0.7779895275729245,1
Disc & Vessel,5,180_5.jpg,180,1,0.8080483000497705,1
Disc & Vessel,5,186_0.jpg,186,1,0.5931927779304604,1
Disc & Vessel,5,186_1.jpg,186,1,0.800618648016788,1
Disc & Vessel,5,186_2.jpg,186,1,0.8600625355787066,1
Disc & Vessel,5,18_0.jpg,18,1,0.641191113334437,1
Disc & Vessel,5,18_1.jpg,18,1,0.710718026842438,1
Disc & Vessel,5,18_2.jpg,18,1,0.673026660921233,1
Disc & Vessel,5,18_3.jpg,18,1,0.9086560750798016,1
Disc & Vessel,5,18_4.jpg,18,1,0.9084234915484096,1
Disc & Vessel,5,20_0.jpg,20,1,0.704098134818326,1
Disc & Vessel,5,20_1.jpg,20,1,0.8118341637523541,1
Disc & Vessel,5,22_0.jpg,22,1,0.7373744999284112,1
Disc & Vessel,5,22_1.jpg,22,1,0.6894268496899071,1
Disc & Vessel,5,30_0.jpg,30,1,0.8184351992493862,1
Disc & Vessel,5,31_0.jpg,31,1,0.8799872013190402,1
Disc & Vessel,5,31_1.jpg,31,1,0.7528797207221012,1
Disc & Vessel,5,31_2.jpg,31,1,0.8324209091972499,1
Disc & Vessel,5,31_3.jpg,31,1,0.9248205680932391,1
Disc & Vessel,5,31_4.jpg,31,1,0.8478911864215937,1
Disc & Vessel,5,31_5.jpg,31,1,0.7136806710641269,1
Disc & Vessel,5,31_6.jpg,31,1,0.6898463423602874,1
Disc & Vessel,5,34_0.jpg,34,1,0.729882937274712,1
Disc & Vessel,5,34_1.jpg,34,1,0.9026767781790572,1
Disc & Vessel,5,34_2.jpg,34,1,0.8852768047094023,1
Disc & Vessel,5,34_3.jpg,34,1,0.8440773855601043,1
Disc & Vessel,5,41_0.jpg,41,1,0.8142225395943443,1
Disc & Vessel,5,43_0.jpg,43,1,0.7519730884834995,1
Disc & Vessel,5,43_1.jpg,43,1,0.868360420598129,1
Disc & Vessel,5,43_2.jpg,43,1,0.859359797084753,1
Disc & Vessel,5,43_3.jpg,43,1,0.894578775076392,1
Disc & Vessel,5,46_0.jpg,46,1,0.7586903382996881,1
Disc & Vessel,5,46_1.jpg,46,1,0.8408735083051931,1
Disc & Vessel,5,54_0.jpg,54,1,0.8067564737655216,1
Disc & Vessel,5,54_1.jpg,54,1,0.7112689693504848,1
Disc & Vessel,5,54_2.jpg,54,1,0.6707870339925602,1
Disc & Vessel,5,54_3.jpg,54,1,0.6987239131204855,1
Disc & Vessel,5,55_0.jpg,55,1,0.7053128527785475,1
Disc & Vessel,5,55_1.jpg,55,1,0.8224259065622058,1
Disc & Vessel,5,55_2.jpg,55,1,0.7681200977643428,1
Disc & Vessel,5,55_3.jpg,55,1,0.6806041325264419,1
Disc & Vessel,5,55_4.jpg,55,1,0.6623970215230153,1
Disc & Vessel,5,57_0.jpg,57,1,0.7674619510477849,1
Disc & Vessel,5,57_1.jpg,57,1,0.8071315991843722,1
Disc & Vessel,5,57_2.jpg,57,1,0.8362052394645958,1
Disc & Vessel,5,5_0.jpg,5,1,0.8761265074361088,1
Disc & Vessel,5,5_1.jpg,5,1,0.7894793519472159,1
Disc & Vessel,5,67_0.jpg,67,1,0.3653941792693434,0
Disc & Vessel,5,78_0.jpg,78,1,0.7615257990784253,1
Disc & Vessel,5,78_1.jpg,78,1,0.678866089373133,1
Disc & Vessel,5,86_0.jpg,86,1,0.8228720239745272,1
Disc & Vessel,5,86_1.jpg,86,1,0.8228720239745272,1
Disc & Vessel,5,88_0.jpg,88,1,0.6691781672473968,1
Disc & Vessel,5,89_0.jpg,89,1,0.8100996202427972,1
Disc & Vessel,5,97_0.jpg,97,1,0.87079517520304,1
Disc & Vessel,5,98_0.jpg,98,1,0.8044320233085809,1
Disc & Texture,1,195_0.jpg,195,0,0.654007997264751,1
Disc & Texture,1,195_1.jpg,195,0,0.724420895895129,1
Disc & Texture,1,195_2.jpg,195,0,0.22218342394266102,0
Disc & Texture,1,196_0.jpg,196,0,0.11914363548724224,0
Disc & Texture,1,197_0.jpg,197,0,0.288090607391819,0
Disc & Texture,1,202_0.jpg,202,0,0.4980740618335489,0
Disc & Texture,1,202_1.jpg,202,0,0.06161477643456353,0
Disc & Texture,1,205_0.jpg,205,0,0.39430361114713497,0
Disc & Texture,1,205_1.jpg,205,0,0.23389514551924362,0
Disc & Texture,1,213_0.jpg,213,0,0.42406722314651396,0
Disc & Texture,1,216_0.jpg,216,0,0.7130258344931388,1
Disc & Texture,1,218_0.jpg,218,0,0.7981847659289215,1
Disc & Texture,1,223_0.jpg,223,0,0.338328414503162,0
Disc & Texture,1,223_1.jpg,223,0,0.16871834112288145,0
Disc & Texture,1,223_2.jpg,223,0,0.35406113648202026,0
Disc & Texture,1,227_0.jpg,227,0,0.2087997916510187,0
Disc & Texture,1,227_1.jpg,227,0,0.8191904735117452,1
Disc & Texture,1,227_2.jpg,227,0,0.8653954367931815,1
Disc & Texture,1,227_3.jpg,227,0,0.7960090010123266,1
Disc & Texture,1,227_4.jpg,227,0,0.8884628533800385,1
Disc & Texture,1,230_0.jpg,230,0,0.17555926331417823,0
Disc & Texture,1,230_1.jpg,230,0,0.1556619494377266,0
Disc & Texture,1,234_0.jpg,234,0,0.8094905700290337,1
Disc & Texture,1,234_1.jpg,234,0,0.7374464143823629,1
Disc & Texture,1,239_0.jpg,239,0,0.36250192696931854,0
Disc & Texture,1,239_1.jpg,239,0,0.19771932921526705,0
Disc & Texture,1,241_0.jpg,241,0,0.17826725423284862,0
Disc & Texture,1,241_1.jpg,241,0,0.5644086829931582,1
Disc & Texture,1,241_2.jpg,241,0,0.26621943901412504,0
Disc & Texture,1,242_0.jpg,242,0,0.15196693890890112,0
Disc & Texture,1,244_0.jpg,244,0,0.761221429672884,1
Disc & Texture,1,244_1.jpg,244,0,0.20990447256830902,0
Disc & Texture,1,246_0.jpg,246,0,0.18234091559050974,0
Disc & Texture,1,273_0.jpg,273,0,0.22209019405061292,0
Disc & Texture,1,276_0.jpg,276,0,0.8323964478174772,1
Disc & Texture,1,276_1.jpg,276,0,0.11880626159535643,0
Disc & Texture,1,276_2.jpg,276,0,0.08868234875485698,0
Disc & Texture,1,283_0.jpg,283,0,0.9460273608077112,1
Disc & Texture,1,283_1.jpg,283,0,0.22565241626690458,0
Disc & Texture,1,286_0.jpg,286,0,0.4259675760204545,0
Disc & Texture,1,286_1.jpg,286,0,0.5274134557132801,1
Disc & Texture,1,0_0.jpg,0,1,0.8061323643398995,1
Disc & Texture,1,100_0.jpg,100,1,0.2309595769302118,0
Disc & Texture,1,100_1.jpg,100,1,0.7734195777543583,1
Disc & Texture,1,100_2.jpg,100,1,0.9161267130084997,1
Disc & Texture,1,100_3.jpg,100,1,0.9480328848125437,1
Disc & Texture,1,100_4.jpg,100,1,0.8834344117242601,1
Disc & Texture,1,100_5.jpg,100,1,0.34952125113156685,0
Disc & Texture,1,100_6.jpg,100,1,0.8561398758928678,1
Disc & Texture,1,100_7.jpg,100,1,0.8695617003448435,1
Disc & Texture,1,100_8.jpg,100,1,0.9220041092321292,1
Disc & Texture,1,100_9.jpg,100,1,0.8743011079211503,1
Disc & Texture,1,102_0.jpg,102,1,0.79487171803187,1
Disc & Texture,1,102_1.jpg,102,1,0.9470621405670986,1
Disc & Texture,1,108_0.jpg,108,1,0.8932929738927541,1
Disc & Texture,1,108_1.jpg,108,1,0.6433148606299838,1
Disc & Texture,1,108_2.jpg,108,1,0.8318200266561858,1
Disc & Texture,1,108_3.jpg,108,1,0.8148275705561552,1
Disc & Texture,1,108_4.jpg,108,1,0.7407228547076143,1
Disc & Texture,1,112_0.jpg,112,1,0.9309643600554637,1
Disc & Texture,1,112_1.jpg,112,1,0.8500674373885695,1
Disc & Texture,1,112_2.jpg,112,1,0.8994231415878896,1
Disc & Texture,1,113_0.jpg,113,1,0.9200460868836646,1
Disc & Texture,1,114_0.jpg,114,1,0.8982904451065572,1
Disc & Texture,1,114_1.jpg,114,1,0.45581592195768605,0
Disc & Texture,1,114_2.jpg,114,1,0.8904526414747346,1
Disc & Texture,1,117_0.jpg,117,1,0.6841687189486407,1
Disc & Texture,1,137_0.jpg,137,1,0.8164727450786793,1
Disc & Texture,1,138_0.jpg,138,1,0.6777049472373478,1
Disc & Texture,1,138_1.jpg,138,1,0.8942614086923047,1
Disc & Texture,1,138_2.jpg,138,1,0.8460093094943201,1
Disc & Texture,1,139_0.jpg,139,1,0.6927254860826426,1
Disc & Texture,1,139_1.jpg,139,1,0.7355578306615016,1
Disc & Texture,1,139_2.jpg,139,1,0.8662082666248858,1
Disc & Texture,1,143_0.jpg,143,1,0.9475912070098482,1
Disc & Texture,1,143_1.jpg,143,1,0.83709246046247,1
Disc & Texture,1,143_2.jpg,143,1,0.9116954240040879,1
Disc & Texture,1,143_3.jpg,143,1,0.9182244149289046,1
Disc & Texture,1,143_4.jpg,143,1,0.9389327722782861,1
Disc & Texture,1,149_0.jpg,149,1,0.9030081858925246,1
Disc & Texture,1,153_0.jpg,153,1,0.921697946945171,1
Disc & Texture,1,153_1.jpg,153,1,0.8062664128035419,1
Disc & Texture,1,153_2.jpg,153,1,0.7172586032484497,1
Disc & Texture,1,153_3.jpg,153,1,0.7780071234788225,1
Disc & Texture,1,158_0.jpg,158,1,0.7323724908484867,1
Disc & Texture,1,158_1.jpg,158,1,0.4948730087010436,0
Disc & Texture,1,160_0.jpg,160,1,0.6704417700910884,1
Disc & Texture,1,160_1.jpg,160,1,0.6624798178578639,1
Disc & Texture,1,161_0.jpg,161,1,0.7556229035808363,1
Disc & Texture,1,165_0.jpg,165,1,0.8854184538257424,1
Disc & Texture,1,165_1.jpg,165,1,0.825202902475547,1
Disc & Texture,1,165_2.jpg,165,1,0.8633737925107589,1
Disc & Texture,1,175_0.jpg,175,1,0.8309062297474437,1
Disc & Texture,1,175_1.jpg,175,1,0.8188781151941754,1
Disc & Texture,1,184_0.jpg,184,1,0.9141362680084301,1
Disc & Texture,1,184_1.jpg,184,1,0.8438654540428743,1
Disc & Texture,1,23_0.jpg,23,1,0.25453572230103294,0
Disc & Texture,1,23_1.jpg,23,1,0.13341289896455039,0
Disc & Texture,1,26_0.jpg,26,1,0.971668393227829,1
Disc & Texture,1,26_1.jpg,26,1,0.8327505924825297,1
Disc & Texture,1,32_0.jpg,32,1,0.8926969171006401,1
Disc & Texture,1,32_1.jpg,32,1,0.8176359304175621,1
Disc & Texture,1,32_2.jpg,32,1,0.8372349798940512,1
Disc & Texture,1,37_0.jpg,37,1,0.9459698222945293,1
Disc & Texture,1,50_0.jpg,50,1,0.8321050956909662,1
Disc & Texture,1,50_1.jpg,50,1,0.7898180953755626,1
Disc & Texture,1,50_2.jpg,50,1,0.9765679654028346,1
Disc & Texture,1,62_0.jpg,62,1,0.8753810611175588,1
Disc & Texture,1,62_1.jpg,62,1,0.9072756610969422,1
Disc & Texture,1,62_2.jpg,62,1,0.9007985508246812,1
Disc & Texture,1,62_3.jpg,62,1,0.8720187488434348,1
Disc & Texture,1,62_4.jpg,62,1,0.9525116759384278,1
Disc & Texture,1,62_5.jpg,62,1,0.8393528232804615,1
Disc & Texture,1,63_0.jpg,63,1,0.8005899682749492,1
Disc & Texture,1,63_1.jpg,63,1,0.8581884113412683,1
Disc & Texture,1,63_2.jpg,63,1,0.81732690533688,1
Disc & Texture,1,63_3.jpg,63,1,0.8905294911829246,1
Disc & Texture,1,63_4.jpg,63,1,0.8018350387068871,1
Disc & Texture,1,63_5.jpg,63,1,0.8688159144868368,1
Disc & Texture,1,63_6.jpg,63,1,0.9225607005673185,1
Disc & Texture,1,64_0.jpg,64,1,0.941664386175617,1
Disc & Texture,1,64_1.jpg,64,1,0.8345974387349451,1
Disc & Texture,1,64_2.jpg,64,1,0.8238557283989247,1
Disc & Texture,1,64_3.jpg,64,1,0.8446643735206165,1
Disc & Texture,1,64_4.jpg,64,1,0.7739172560815013,1
Disc & Texture,1,73_0.jpg,73,1,0.74215222415039,1
Disc & Texture,1,73_1.jpg,73,1,0.5636427460627135,1
Disc & Texture,1,73_2.jpg,73,1,0.7024426936409855,1
Disc & Texture,1,73_3.jpg,73,1,0.8826134302390581,1
Disc & Texture,1,75_0.jpg,75,1,0.8881162338553567,1
Disc & Texture,1,75_1.jpg,75,1,0.8753951569148399,1
Disc & Texture,1,75_2.jpg,75,1,0.8523301158912517,1
Disc & Texture,1,79_0.jpg,79,1,0.8155960867635514,1
Disc & Texture,1,79_1.jpg,79,1,0.9369984793299205,1
Disc & Texture,1,81_0.jpg,81,1,0.9742175634626742,1
Disc & Texture,1,81_1.jpg,81,1,0.8757660670177834,1
Disc & Texture,1,81_2.jpg,81,1,0.9035862051233174,1
Disc & Texture,1,84_0.jpg,84,1,0.853811006287728,1
Disc & Texture,1,84_1.jpg,84,1,0.16818484942830478,0
Disc & Texture,1,8_0.jpg,8,1,0.9255689723809081,1
Disc & Texture,1,8_1.jpg,8,1,0.5782319899590475,1
Disc & Texture,1,8_2.jpg,8,1,0.9054105083223223,1
Disc & Texture,1,8_3.jpg,8,1,0.5330213722319873,1
Disc & Texture,1,92_0.jpg,92,1,0.8962056745654915,1
Disc & Texture,1,92_1.jpg,92,1,0.8523141437931129,1
Disc & Texture,1,94_0.jpg,94,1,0.8314966090094648,1
Disc & Texture,1,94_1.jpg,94,1,0.8314966090094648,1
Disc & Texture,1,94_2.jpg,94,1,0.7807331530979816,1
Disc & Texture,1,94_3.jpg,94,1,0.7883408589271208,1
Disc & Texture,1,96_0.jpg,96,1,0.8072023943087144,1
Disc & Texture,1,96_1.jpg,96,1,0.152235366473322,0
Disc & Texture,1,96_2.jpg,96,1,0.3711231376290853,0
Disc & Texture,2,187_0.jpg,187,0,0.3371079789879757,0
Disc & Texture,2,192_0.jpg,192,0,0.38888681140962306,0
Disc & Texture,2,192_1.jpg,192,0,0.20421139105155345,0
Disc & Texture,2,198_0.jpg,198,0,0.3607642936260045,0
Disc & Texture,2,204_0.jpg,204,0,0.1342684352343138,0
Disc & Texture,2,204_1.jpg,204,0,0.14337918393851795,0
Disc & Texture,2,206_0.jpg,206,0,0.8156437086465558,1
Disc & Texture,2,209_0.jpg,209,0,0.26769434320190827,0
Disc & Texture,2,215_0.jpg,215,0,0.8387328606272599,1
Disc & Texture,2,215_1.jpg,215,0,0.8827318427307896,1
Disc & Texture,2,215_2.jpg,215,0,0.7606547733323954,1
Disc & Texture,2,215_3.jpg,215,0,0.6974872445026239,1
Disc & Texture,2,221_0.jpg,221,0,0.4259058885717705,0
Disc & Texture,2,226_0.jpg,226,0,0.7855995547840672,1
Disc & Texture,2,226_1.jpg,226,0,0.8786023057418173,1
Disc & Texture,2,229_0.jpg,229,0,0.10753583069388911,0
Disc & Texture,2,229_1.jpg,229,0,0.90571330723712,1
Disc & Texture,2,233_0.jpg,233,0,0.3605080140530606,0
Disc & Texture,2,236_0.jpg,236,0,0.7018641573933053,1
Disc & Texture,2,240_0.jpg,240,0,0.34562896493642753,0
Disc & Texture,2,240_1.jpg,240,0,0.47994956926373783,0
Disc & Texture,2,240_2.jpg,240,0,0.2250068873641439,0
Disc & Texture,2,243_0.jpg,243,0,0.7340386291569081,1
Disc & Texture,2,243_1.jpg,243,0,0.8905835719864621,1
Disc & Texture,2,248_0.jpg,248,0,0.7429222269235239,1
Disc & Texture,2,260_0.jpg,260,0,0.531285587732644,1
Disc & Texture,2,266_0.jpg,266,0,0.7600866313251816,1
Disc & Texture,2,271_0.jpg,271,0,0.23973936984141414,0
Disc & Texture,2,272_0.jpg,272,0,0.1864323733915831,0
Disc & Texture,2,272_1.jpg,272,0,0.15711337632665695,0
Disc & Texture,2,275_0.jpg,275,0,0.8742195058513313,1
Disc & Texture,2,275_1.jpg,275,0,0.7354122664155027,1
Disc & Texture,2,275_2.jpg,275,0,0.18189253102271682,0
Disc & Texture,2,277_0.jpg,277,0,0.6203207005376392,1
Disc & Texture,2,277_1.jpg,277,0,0.7926974448521672,1
Disc & Texture,2,277_2.jpg,277,0,0.7434729352152355,1
Disc & Texture,2,103_0.jpg,103,1,0.7888680754182595,1
Disc & Texture,2,103_1.jpg,103,1,0.8238007594548516,1
Disc & Texture,2,106_0.jpg,106,1,0.7701472388388111,1
Disc & Texture,2,111_0.jpg,111,1,0.8076966258272738,1
Disc & Texture,2,115_0.jpg,115,1,0.7994624989919997,1
Disc & Texture,2,115_1.jpg,115,1,0.9363943004227747,1
Disc & Texture,2,116_0.jpg,116,1,0.9635854790143406,1
Disc & Texture,2,116_1.jpg,116,1,0.9106921438785514,1
Disc & Texture,2,119_0.jpg,119,1,0.9558295606358641,1
Disc & Texture,2,119_1.jpg,119,1,0.8647534644237189,1
Disc & Texture,2,126_0.jpg,126,1,0.6901225306362995,1
Disc & Texture,2,126_1.jpg,126,1,0.7106654502880717,1
Disc & Texture,2,130_0.jpg,130,1,0.7282700060342521,1
Disc & Texture,2,132_0.jpg,132,1,0.20265146077451196,0
Disc & Texture,2,132_1.jpg,132,1,0.8433757790987013,1
Disc & Texture,2,145_0.jpg,145,1,0.8987241076500238,1
Disc & Texture,2,145_1.jpg,145,1,0.9259819175731101,1
Disc & Texture,2,145_2.jpg,145,1,0.8625564398826572,1
Disc & Texture,2,150_0.jpg,150,1,0.7816904211721298,1
Disc & Texture,2,150_1.jpg,150,1,0.8837480882384894,1
Disc & Texture,2,150_10.jpg,150,1,0.7983774222245473,1
Disc & Texture,2,150_11.jpg,150,1,0.7778774172586037,1
Disc & Texture,2,150_12.jpg,150,1,0.8416476552493335,1
Disc & Texture,2,150_13.jpg,150,1,0.7250626498148779,1
Disc & Texture,2,150_2.jpg,150,1,0.8263065285071004,1
Disc & Texture,2,150_3.jpg,150,1,0.8051086174950187,1
Disc & Texture,2,150_4.jpg,150,1,0.7572004872835778,1
Disc & Texture,2,150_5.jpg,150,1,0.8831851315761042,1
Disc & Texture,2,150_6.jpg,150,1,0.7743683675398728,1
Disc & Texture,2,150_7.jpg,150,1,0.8707907787397666,1
Disc & Texture,2,150_8.jpg,150,1,0.855012235361197,1
Disc & Texture,2,150_9.jpg,150,1,0.801319863336593,1
Disc & Texture,2,151_0.jpg,151,1,0.9140968024377699,1
Disc & Texture,2,151_1.jpg,151,1,0.9032172309087226,1
Disc & Texture,2,151_2.jpg,151,1,0.9455135804183192,1
Disc & Texture,2,151_3.jpg,151,1,0.9284843846164574,1
Disc & Texture,2,151_4.jpg,151,1,0.9520692803505746,1
Disc & Texture,2,156_0.jpg,156,1,0.7247150409197769,1
Disc & Texture,2,157_0.jpg,157,1,0.9093184414731423,1
Disc & Texture,2,157_1.jpg,157,1,0.8722144601908548,1
Disc & Texture,2,157_2.jpg,157,1,0.876399563795426,1
Disc & Texture,2,157_3.jpg,157,1,0.9077755748554033,1
Disc & Texture,2,162_0.jpg,162,1,0.8569035048719591,1
Disc & Texture,2,162_1.jpg,162,1,0.710897336124071,1
Disc & Texture,2,164_0.jpg,164,1,0.6383815621966122,1
Disc & Texture,2,164_1.jpg,164,1,0.8311166148578485,1
Disc & Texture,2,164_2.jpg,164,1,0.7765056755462154,1
Disc & Texture,2,164_3.jpg,164,1,0.7337593123018314,1
Disc & Texture,2,168_0.jpg,168,1,0.7658091569895398,1
Disc & Texture,2,168_1.jpg,168,1,0.6544577673077242,1
Disc & Texture,2,168_2.jpg,168,1,0.8526468897019445,1
Disc & Texture,2,169_0.jpg,169,1,0.46493372372497693,0
Disc & Texture,2,169_1.jpg,169,1,0.4852749531656579,0
Disc & Texture,2,169_2.jpg,169,1,0.6980652770112289,1
Disc & Texture,2,169_3.jpg,169,1,0.6703543034714101,1
Disc & Texture,2,173_0.jpg,173,1,0.8161883042796164,1
Disc & Texture,2,177_0.jpg,177,1,0.7946533710537886,1
Disc & Texture,2,177_1.jpg,177,1,0.9042424164589248,1
Disc & Texture,2,177_2.jpg,177,1,0.7417444863188103,1
Disc & Texture,2,181_0.jpg,181,1,0.40294495110055245,0
Disc & Texture,2,181_1.jpg,181,1,0.8742796977797801,1
Disc & Texture,2,185_0.jpg,185,1,0.9079725550371631,1
Disc & Texture,2,185_1.jpg,185,1,0.7835851410952877,1
Disc & Texture,2,185_2.jpg,185,1,0.8051260918864088,1
Disc & Texture,2,19_0.jpg,19,1,0.8693058727220562,1
Disc & Texture,2,24_0.jpg,24,1,0.7995555058200116,1
Disc & Texture,2,29_0.jpg,29,1,0.9430031822223764,1
Disc & Texture,2,29_1.jpg,29,1,0.873261943621266,1
Disc & Texture,2,29_2.jpg,29,1,0.919785956848799,1
Disc & Texture,2,35_0.jpg,35,1,0.8590459375032543,1
Disc & Texture,2,35_1.jpg,35,1,0.7840534122928708,1
Disc & Texture,2,52_0.jpg,52,1,0.9444597998204572,1
Disc & Texture,2,52_1.jpg,52,1,0.8749206067930706,1
Disc & Texture,2,58_0.jpg,58,1,0.9114279848672343,1
Disc & Texture,2,58_1.jpg,58,1,0.9198018205332903,1
Disc & Texture,2,58_2.jpg,58,1,0.9253982042262602,1
Disc & Texture,2,59_0.jpg,59,1,0.8746412954757393,1
Disc & Texture,2,59_1.jpg,59,1,0.8112715023151021,1
Disc & Texture,2,61_0.jpg,61,1,0.8804867840606192,1
Disc & Texture,2,61_1.jpg,61,1,0.8449867615153667,1
Disc & Texture,2,61_2.jpg,61,1,0.953246343127722,1
Disc & Texture,2,61_3.jpg,61,1,0.8287685021434059,1
Disc & Texture,2,61_4.jpg,61,1,0.8545204048160909,1
Disc & Texture,2,68_0.jpg,68,1,0.8165082915779442,1
Disc & Texture,2,68_1.jpg,68,1,0.9087179429629983,1
Disc & Texture,2,6_0.jpg,6,1,0.8271481145409587,1
Disc & Texture,2,6_1.jpg,6,1,0.747995924085957,1
Disc & Texture,2,71_0.jpg,71,1,0.6436262375118996,1
Disc & Texture,2,71_1.jpg,71,1,0.7510267072017895,1
Disc & Texture,2,85_0.jpg,85,1,0.8350171160504755,1
Disc & Texture,2,87_0.jpg,87,1,0.9041537433966007,1
Disc & Texture,2,87_1.jpg,87,1,0.9120108872969588,1
Disc & Texture,2,87_2.jpg,87,1,0.9141216608084995,1
Disc & Texture,2,87_3.jpg,87,1,0.6327791479212386,1
Disc & Texture,2,87_4.jpg,87,1,0.9596519323022582,1
Disc & Texture,2,87_5.jpg,87,1,0.9327130222889747,1
Disc & Texture,2,87_6.jpg,87,1,0.8682227514129547,1
Disc & Texture,2,90_0.jpg,90,1,0.9504065805896801,1
Disc & Texture,2,93_0.jpg,93,1,0.8646028968655002,1
Disc & Texture,2,93_1.jpg,93,1,0.89455126587349,1
Disc & Texture,3,190_0.jpg,190,0,0.29911841318114046,0
Disc & Texture,3,191_0.jpg,191,0,0.7514189959559309,1
Disc & Texture,3,191_1.jpg,191,0,0.7296140679307465,1
Disc & Texture,3,194_0.jpg,194,0,0.2234593691874563,0
Disc & Texture,3,194_1.jpg,194,0,0.4781915510246268,0
Disc & Texture,3,208_0.jpg,208,0,0.9161315969978587,1
Disc & Texture,3,208_1.jpg,208,0,0.8926338178178491,1
Disc & Texture,3,211_0.jpg,211,0,0.27265876810053746,0
Disc & Texture,3,211_1.jpg,211,0,0.29468888208587374,0
Disc & Texture,3,211_2.jpg,211,0,0.14161945597994016,0
Disc & Texture,3,220_0.jpg,220,0,0.7113256459409285,1
Disc & Texture,3,220_1.jpg,220,0,0.6727420086948563,1
Disc & Texture,3,231_0.jpg,231,0,0.7420399797966426,1
Disc & Texture,3,231_1.jpg,231,0,0.910771762342339,1
Disc & Texture,3,238_0.jpg,238,0,0.7658983692227362,1
Disc & Texture,3,238_1.jpg,238,0,0.48777145938943,0
Disc & Texture,3,250_0.jpg,250,0,0.607757457641355,1
Disc & Texture,3,250_1.jpg,250,0,0.8364888852966422,1
Disc & Texture,3,252_0.jpg,252,0,0.5529278631897634,1
Disc & Texture,3,252_1.jpg,252,0,0.3794805807352513,0
Disc & Texture,3,253_0.jpg,253,0,0.705692023297562,1
Disc & Texture,3,253_1.jpg,253,0,0.9104940341593248,1
Disc & Texture,3,253_2.jpg,253,0,0.8442825056255798,1
Disc & Texture,3,255_0.jpg,255,0,0.19631477647099677,0
Disc & Texture,3,255_1.jpg,255,0,0.4967535041378733,0
Disc & Texture,3,255_2.jpg,255,0,0.3474227826914787,0
Disc & Texture,3,257_0.jpg,257,0,0.28233305622021543,0
Disc & Texture,3,257_1.jpg,257,0,0.3376448128521305,0
Disc & Texture,3,261_0.jpg,261,0,0.8867664994813773,1
Disc & Texture,3,261_1.jpg,261,0,0.24097446806726375,0
Disc & Texture,3,262_0.jpg,262,0,0.6075754171271596,1
Disc & Texture,3,264_0.jpg,264,0,0.18790457016734305,0
Disc & Texture,3,268_0.jpg,268,0,0.37597789883735133,0
Disc & Texture,3,274_0.jpg,274,0,0.4568658081139979,0
Disc & Texture,3,284_0.jpg,284,0,0.3047296467307998,0
Disc & Texture,3,284_1.jpg,284,0,0.07586543869095268,0
Disc & Texture,3,288_0.jpg,288,0,0.2001325444280101,0
Disc & Texture,3,105_0.jpg,105,1,0.7030514900803476,1
Disc & Texture,3,105_1.jpg,105,1,0.9053130502376452,1
Disc & Texture,3,107_0.jpg,107,1,0.7515681079768848,1
Disc & Texture,3,107_1.jpg,107,1,0.8536530867864168,1
Disc & Texture,3,107_2.jpg,107,1,0.7622978387500173,1
Disc & Texture,3,10_0.jpg,10,1,0.9758112805704409,1
Disc & Texture,3,10_1.jpg,10,1,0.9372666957964326,1
Disc & Texture,3,10_2.jpg,10,1,0.9431066630064303,1
Disc & Texture,3,122_0.jpg,122,1,0.8662597372263647,1
Disc & Texture,3,122_1.jpg,122,1,0.6706004120132556,1
Disc & Texture,3,125_0.jpg,125,1,0.8210970465250536,1
Disc & Texture,3,12_0.jpg,12,1,0.8295280835597625,1
Disc & Texture,3,12_1.jpg,12,1,0.7145701206038412,1
Disc & Texture,3,12_2.jpg,12,1,0.9321599515395609,1
Disc & Texture,3,12_3.jpg,12,1,0.8848010566565282,1
Disc & Texture,3,12_4.jpg,12,1,0.8130402909154424,1
Disc & Texture,3,131_0.jpg,131,1,0.7380312560816691,1
Disc & Texture,3,134_0.jpg,134,1,0.9457303405059583,1
Disc & Texture,3,134_1.jpg,134,1,0.8271849301990862,1
Disc & Texture,3,141_0.jpg,141,1,0.9188435312434504,1
Disc & Texture,3,141_1.jpg,141,1,0.9120295419913824,1
Disc & Texture,3,141_2.jpg,141,1,0.9016146503229705,1
Disc & Texture,3,141_3.jpg,141,1,0.9100330376373507,1
Disc & Texture,3,141_4.jpg,141,1,0.9082769500693325,1
Disc & Texture,3,141_5.jpg,141,1,0.8883538684039312,1
Disc & Texture,3,141_6.jpg,141,1,0.8838243745037403,1
Disc & Texture,3,144_0.jpg,144,1,0.853312407260621,1
Disc & Texture,3,144_1.jpg,144,1,0.29651238861198936,0
Disc & Texture,3,144_2.jpg,144,1,0.6670737189815913,1
Disc & Texture,3,144_3.jpg,144,1,0.6694954883799756,1
Disc & Texture,3,14_0.jpg,14,1,0.975379036409887,1
Disc & Texture,3,14_1.jpg,14,1,0.9199695269406272,1
Disc & Texture,3,166_0.jpg,166,1,0.9324140613006314,1
Disc & Texture,3,166_1.jpg,166,1,0.37503847773558485,0
Disc & Texture,3,166_2.jpg,166,1,0.962465194003649,1
Disc & Texture,3,16_0.jpg,16,1,0.8531767645841631,1
Disc & Texture,3,16_1.jpg,16,1,0.7727970715326872,1
Disc & Texture,3,16_2.jpg,16,1,0.7558117172131483,1
Disc & Texture,3,16_3.jpg,16,1,0.6863154403389815,1
Disc & Texture,3,16_4.jpg,16,1,0.6447637828375683,1
Disc & Texture,3,171_0.jpg,171,1,0.8143824703044271,1
Disc & Texture,3,172_0.jpg,172,1,0.9847350878492764,1
Disc & Texture,3,172_1.jpg,172,1,0.9573844673120341,1
Disc & Texture,3,172_2.jpg,172,1,0.9541015676130783,1
Disc & Texture,3,172_3.jpg,172,1,0.9212547205310768,1
Disc & Texture,3,174_0.jpg,174,1,0.9698993013516144,1
Disc & Texture,3,178_0.jpg,178,1,0.6727605261502332,1
Disc & Texture,3,179_0.jpg,179,1,0.8394718907940376,1
Disc & Texture,3,179_1.jpg,179,1,0.8358180627142654,1
Disc & Texture,3,179_2.jpg,179,1,0.8149684485823495,1
Disc & Texture,3,1_0.jpg,1,1,0.8741797478615599,1
Disc & Texture,3,1_1.jpg,1,1,0.8816657100058272,1
Disc & Texture,3,21_0.jpg,21,1,0.7366351932592217,1
Disc & Texture,3,21_1.jpg,21,1,0.7776414910544435,1
Disc & Texture,3,25_0.jpg,25,1,0.8324119357866688,1
Disc & Texture,3,25_1.jpg,25,1,0.8010907209946526,1
Disc & Texture,3,28_0.jpg,28,1,0.9627090779847959,1
Disc & Texture,3,28_1.jpg,28,1,0.9723470451792631,1
Disc & Texture,3,28_2.jpg,28,1,0.8856100737726745,1
Disc & Texture,3,28_3.jpg,28,1,0.9305278319264381,1
Disc & Texture,3,38_0.jpg,38,1,0.7023363701268811,1
Disc & Texture,3,39_0.jpg,39,1,0.8757118205076446,1
Disc & Texture,3,39_1.jpg,39,1,0.9404931775209644,1
Disc & Texture,3,39_2.jpg,39,1,0.7645791229462424,1
Disc & Texture,3,39_3.jpg,39,1,0.7049130109874892,1
Disc & Texture,3,44_0.jpg,44,1,0.9014665392267287,1
Disc & Texture,3,44_1.jpg,44,1,0.9296714378658035,1
Disc & Texture,3,44_2.jpg,44,1,0.9780962775733009,1
Disc & Texture,3,44_3.jpg,44,1,0.9582263227254938,1
Disc & Texture,3,44_4.jpg,44,1,0.9043260261070678,1
Disc & Texture,3,44_5.jpg,44,1,0.3472363370853466,0
Disc & Texture,3,44_6.jpg,44,1,0.878119777866556,1
Disc & Texture,3,47_0.jpg,47,1,0.9334992074710862,1
Disc & Texture,3,47_1.jpg,47,1,0.8553314722220976,1
Disc & Texture,3,47_2.jpg,47,1,0.9135702580030269,1
Disc & Texture,3,47_3.jpg,47,1,0.882596712860757,1
Disc & Texture,3,47_4.jpg,47,1,0.8402937029740155,1
Disc & Texture,3,47_5.jpg,47,1,0.9485451437484099,1
Disc & Texture,3,47_6.jpg,47,1,0.8450560921707385,1
Disc & Texture,3,47_7.jpg,47,1,0.9152123256754039,1
Disc & Texture,3,48_0.jpg,48,1,0.8766246735774733,1
Disc & Texture,3,4_0.jpg,4,1,0.8378424661025359,1
Disc & Texture,3,51_0.jpg,51,1,0.7840809531476581,1
Disc & Texture,3,53_0.jpg,53,1,0.9174665186998969,1
Disc & Texture,3,53_1.jpg,53,1,0.8139638238471341,1
Disc & Texture,3,53_2.jpg,53,1,0.9928949602658393,1
Disc & Texture,3,53_3.jpg,53,1,0.8107150731775024,1
Disc & Texture,3,53_4.jpg,53,1,0.912063850306103,1
Disc & Texture,3,60_0.jpg,60,1,0.7272041141950971,1
Disc & Texture,3,69_0.jpg,69,1,0.7451712542203162,1
Disc & Texture,3,69_1.jpg,69,1,0.7477366003048077,1
Disc & Texture,3,72_0.jpg,72,1,0.8555451162435495,1
Disc & Texture,3,72_1.jpg,72,1,0.7825910278525435,1
Disc & Texture,3,72_2.jpg,72,1,0.936389332312239,1
Disc & Texture,3,72_3.jpg,72,1,0.8815444892612616,1
Disc & Texture,3,76_0.jpg,76,1,0.9140230425319297,1
Disc & Texture,3,76_1.jpg,76,1,0.8575641535914136,1
Disc & Texture,3,80_0.jpg,80,1,0.947875801886061,1
Disc & Texture,3,80_1.jpg,80,1,0.8501109084267133,1
Disc & Texture,3,80_2.jpg,80,1,0.9875179206939352,1
Disc & Texture,3,82_0.jpg,82,1,0.8692581016836388,1
Disc & Texture,3,82_1.jpg,82,1,0.9550953231873439,1
Disc & Texture,3,83_0.jpg,83,1,0.8422905335113882,1
Disc & Texture,3,83_1.jpg,83,1,0.8492710045172892,1
Disc & Texture,3,9_0.jpg,9,1,0.7239621349533375,1
Disc & Texture,3,9_1.jpg,9,1,0.7896598043839113,1
Disc & Texture,4,188_0.jpg,188,0,0.6246469064482634,1
Disc & Texture,4,188_1.jpg,188,0,0.5774791599253443,1
Disc & Texture,4,189_0.jpg,189,0,0.90898634685753,1
Disc & Texture,4,189_1.jpg,189,0,0.7444075898916037,1
Disc & Texture,4,189_2.jpg,189,0,0.23179641895968872,0
Disc & Texture,4,201_0.jpg,201,0,0.6831117557777379,1
Disc & Texture,4,201_1.jpg,201,0,0.39550726245955475,0
Disc & Texture,4,203_0.jpg,203,0,0.5146071603335707,1
Disc & Texture,4,203_1.jpg,203,0,0.6038805350825907,1
Disc & Texture,4,210_0.jpg,210,0,0.7457813765654392,1
Disc & Texture,4,214_0.jpg,214,0,0.7150664384486256,1
Disc & Texture,4,214_1.jpg,214,0,0.24950875658245175,0
Disc & Texture,4,214_2.jpg,214,0,0.8166665475936586,1
Disc & Texture,4,214_3.jpg,214,0,0.13009224765151722,0
Disc & Texture,4,222_0.jpg,222,0,0.46178418977967334,0
Disc & Texture,4,222_1.jpg,222,0,0.18000740385010514,0
Disc & Texture,4,224_0.jpg,224,0,0.5783151173291714,1
Disc & Texture,4,224_1.jpg,224,0,0.23221212059578303,0
Disc & Texture,4,224_2.jpg,224,0,0.6167113848561608,1
Disc & Texture,4,224_3.jpg,224,0,0.34618197071057766,0
Disc & Texture,4,225_0.jpg,225,0,0.20375287507048956,0
Disc & Texture,4,225_1.jpg,225,0,0.26566050372293265,0
Disc & Texture,4,232_0.jpg,232,0,0.18743003805022965,0
Disc & Texture,4,237_0.jpg,237,0,0.8745582156149213,1
Disc & Texture,4,237_1.jpg,237,0,0.5786169556853676,1
Disc & Texture,4,245_0.jpg,245,0,0.19709517007732205,0
Disc & Texture,4,245_1.jpg,245,0,0.9354319031732846,1
Disc & Texture,4,245_2.jpg,245,0,0.21001106842090406,0
Disc & Texture,4,247_0.jpg,247,0,0.4724971667464072,0
Disc & Texture,4,247_1.jpg,247,0,0.29321253889209997,0
Disc & Texture,4,254_0.jpg,254,0,0.2394054822833669,0
Disc & Texture,4,256_0.jpg,256,0,0.30273244943125127,0
Disc & Texture,4,256_1.jpg,256,0,0.2774551676876399,0
Disc & Texture,4,259_0.jpg,259,0,0.14842000380802617,0
Disc & Texture,4,259_1.jpg,259,0,0.7135034544532118,1
Disc & Texture,4,259_2.jpg,259,0,0.6017611687517461,1
Disc & Texture,4,259_3.jpg,259,0,0.7875852313625619,1
Disc & Texture,4,259_4.jpg,259,0,0.6463732509134187,1
Disc & Texture,4,259_5.jpg,259,0,0.2895517171890719,0
Disc & Texture,4,265_0.jpg,265,0,0.35488143531754773,0
Disc & Texture,4,265_1.jpg,265,0,0.13586572051952833,0
Disc & Texture,4,269_0.jpg,269,0,0.4849471800191187,0
Disc & Texture,4,269_1.jpg,269,0,0.22760674608760162,0
Disc & Texture,4,280_0.jpg,280,0,0.20193750684886538,0
Disc & Texture,4,280_1.jpg,280,0,0.8533689852666998,1
Disc & Texture,4,285_0.jpg,285,0,0.5090855305770422,1
Disc & Texture,4,101_0.jpg,101,1,0.894086443361173,1
Disc & Texture,4,109_0.jpg,109,1,0.8250987612410892,1
Disc & Texture,4,109_1.jpg,109,1,0.7110823643365737,1
Disc & Texture,4,109_2.jpg,109,1,0.8923169040408523,1
Disc & Texture,4,109_3.jpg,109,1,0.639303267339456,1
Disc & Texture,4,109_4.jpg,109,1,0.8918328190898318,1
Disc & Texture,4,110_0.jpg,110,1,0.7512460100243967,1
Disc & Texture,4,110_1.jpg,110,1,0.863079049781526,1
Disc & Texture,4,110_2.jpg,110,1,0.9575808095389245,1
Disc & Texture,4,121_0.jpg,121,1,0.7887874426442201,1
Disc & Texture,4,121_1.jpg,121,1,0.7672013314297932,1
Disc & Texture,4,121_2.jpg,121,1,0.8407656251607476,1
Disc & Texture,4,124_0.jpg,124,1,0.7402306340182596,1
Disc & Texture,4,127_0.jpg,127,1,0.8595890286627258,1
Disc & Texture,4,128_0.jpg,128,1,0.24324408351091706,0
Disc & Texture,4,133_0.jpg,133,1,0.906764284351448,1
Disc & Texture,4,136_0.jpg,136,1,0.783311156964409,1
Disc & Texture,4,136_1.jpg,136,1,0.873914009003925,1
Disc & Texture,4,152_0.jpg,152,1,0.8555237089883438,1
Disc & Texture,4,154_0.jpg,154,1,0.7267898093024462,1
Disc & Texture,4,154_1.jpg,154,1,0.7600002681550552,1
Disc & Texture,4,154_2.jpg,154,1,0.9608411832886522,1
Disc & Texture,4,154_3.jpg,154,1,0.6134780919129875,1
Disc & Texture,4,154_4.jpg,154,1,0.9844249389745501,1
Disc & Texture,4,154_5.jpg,154,1,0.7443281934797945,1
Disc & Texture,4,155_0.jpg,155,1,0.8745604340449,1
Disc & Texture,4,155_1.jpg,155,1,0.8905815655095585,1
Disc & Texture,4,155_2.jpg,155,1,0.5285818400410855,1
Disc & Texture,4,155_3.jpg,155,1,0.878868774312171,1
Disc & Texture,4,159_0.jpg,159,1,0.7961066834029884,1
Disc & Texture,4,159_1.jpg,159,1,0.8036306791920012,1
Disc & Texture,4,15_0.jpg,15,1,0.7125400125505021,1
Disc & Texture,4,163_0.jpg,163,1,0.8705481293836996,1
Disc & Texture,4,163_1.jpg,163,1,0.7831198055159645,1
Disc & Texture,4,163_2.jpg,163,1,0.9014335645047963,1
Disc & Texture,4,163_3.jpg,163,1,0.9532416893138138,1
Disc & Texture,4,163_4.jpg,163,1,0.911579083477713,1
Disc & Texture,4,170_0.jpg,170,1,0.7903226666289629,1
Disc & Texture,4,170_1.jpg,170,1,0.5520125527898503,1
Disc & Texture,4,170_2.jpg,170,1,0.7383009232639673,1
Disc & Texture,4,170_3.jpg,170,1,0.4153301585861912,0
Disc & Texture,4,170_4.jpg,170,1,0.657067862054477,1
Disc & Texture,4,170_5.jpg,170,1,0.6696929949845327,1
Disc & Texture,4,17_0.jpg,17,1,0.8913989809488786,1
Disc & Texture,4,17_1.jpg,17,1,0.7588271420614557,1
Disc & Texture,4,17_2.jpg,17,1,0.929089536536916,1
Disc & Texture,4,17_3.jpg,17,1,0.7985870270704817,1
Disc & Texture,4,17_4.jpg,17,1,0.7510773892540444,1
Disc & Texture,4,17_5.jpg,17,1,0.794398004195936,1
Disc & Texture,4,183_0.jpg,183,1,0.8878576084939772,1
Disc & Texture,4,183_1.jpg,183,1,0.7768841938851524,1
Disc & Texture,4,183_2.jpg,183,1,0.8977698286197392,1
Disc & Texture,4,183_3.jpg,183,1,0.8582062333105526,1
Disc & Texture,4,183_4.jpg,183,1,0.8673535498033434,1
Disc & Texture,4,183_5.jpg,183,1,0.9187361325925996,1
Disc & Texture,4,183_6.jpg,183,1,0.8409618226464946,1
Disc & Texture,4,183_7.jpg,183,1,0.9903238912644298,1
Disc & Texture,4,27_0.jpg,27,1,0.8936172293369427,1
Disc & Texture,4,27_1.jpg,27,1,0.9112526585831837,1
Disc & Texture,4,2_0.jpg,2,1,0.8243889768394971,1
Disc & Texture,4,2_1.jpg,2,1,0.9141802367593234,1
Disc & Texture,4,33_0.jpg,33,1,0.8411284713844397,1
Disc & Texture,4,33_1.jpg,33,1,0.8660608003798991,1
Disc & Texture,4,36_0.jpg,36,1,0.9672314523829421,1
Disc & Texture,4,36_1.jpg,36,1,0.43170731085980657,0
Disc & Texture,4,36_10.jpg,36,1,0.9023791366231292,1
Disc & Texture,4,36_11.jpg,36,1,0.3818212507433529,0
Disc & Texture,4,36_2.jpg,36,1,0.943321998176786,1
Disc & Texture,4,36_3.jpg,36,1,0.41944671878057677,0
Disc & Texture,4,36_4.jpg,36,1,0.8134760330959123,1
Disc & Texture,4,36_5.jpg,36,1,0.42074142486940497,0
Disc & Texture,4,36_6.jpg,36,1,0.9730967525749962,1
Disc & Texture,4,36_7.jpg,36,1,0.39840897392537206,0
Disc & Texture,4,36_8.jpg,36,1,0.8677405256456663,1
Disc & Texture,4,36_9.jpg,36,1,0.6619640468216983,1
Disc & Texture,4,3_0.jpg,3,1,0.7659019177036751,1
Disc & Texture,4,3_1.jpg,3,1,0.724974852743641,1
Disc & Texture,4,40_0.jpg,40,1,0.8541235627650829,1
Disc & Texture,4,40_1.jpg,40,1,0.6720653010204223,1
Disc & Texture,4,42_0.jpg,42,1,0.8113040008899902,1
Disc & Texture,4,42_1.jpg,42,1,0.9642713282598986,1
Disc & Texture,4,42_2.jpg,42,1,0.9775386396147383,1
Disc & Texture,4,42_3.jpg,42,1,0.8772172561485874,1
Disc & Texture,4,45_0.jpg,45,1,0.9132411894071673,1
Disc & Texture,4,49_0.jpg,49,1,0.8378814340406612,1
Disc & Texture,4,49_1.jpg,49,1,0.8705962533444316,1
Disc & Texture,4,56_0.jpg,56,1,0.5782323414773998,1
Disc & Texture,4,56_1.jpg,56,1,0.5782323414773998,1
Disc & Texture,4,56_2.jpg,56,1,0.2770899891454111,0
Disc & Texture,4,56_3.jpg,56,1,0.8512213406460765,1
Disc & Texture,4,65_0.jpg,65,1,0.6469481274232761,1
Disc & Texture,4,65_1.jpg,65,1,0.6491888201716495,1
Disc & Texture,4,65_2.jpg,65,1,0.7216826101410032,1
Disc & Texture,4,65_3.jpg,65,1,0.9035559814170129,1
Disc & Texture,4,65_4.jpg,65,1,0.8250448992127599,1
Disc & Texture,4,65_5.jpg,65,1,0.7512460100243967,1
Disc & Texture,4,65_6.jpg,65,1,0.6569313136700873,1
Disc & Texture,4,65_7.jpg,65,1,0.7368311657613583,1
Disc & Texture,4,66_0.jpg,66,1,0.7789535939739166,1
Disc & Texture,4,66_1.jpg,66,1,0.8351517011825236,1
Disc & Texture,4,66_2.jpg,66,1,0.8332760858214265,1
Disc & Texture,4,66_3.jpg,66,1,0.652989972625762,1
Disc & Texture,4,66_4.jpg,66,1,0.8731257910935155,1
Disc & Texture,4,66_5.jpg,66,1,0.5933527060788175,1
Disc & Texture,4,70_0.jpg,70,1,0.857773612212912,1
Disc & Texture,4,70_1.jpg,70,1,0.7712354998763062,1
Disc & Texture,4,70_2.jpg,70,1,0.8821987274651277,1
Disc & Texture,4,74_0.jpg,74,1,0.8048923493314013,1
Disc & Texture,4,74_1.jpg,74,1,0.7799290768149241,1
Disc & Texture,4,77_0.jpg,77,1,0.6595863301991254,1
Disc & Texture,4,77_1.jpg,77,1,0.7755701570126327,1
Disc & Texture,4,77_2.jpg,77,1,0.9149650760338678,1
Disc & Texture,4,77_3.jpg,77,1,0.8492743229587303,1
Disc & Texture,4,7_0.jpg,7,1,0.2740017958491424,0
Disc & Texture,4,91_0.jpg,91,1,0.9230286315647865,1
Disc & Texture,4,91_1.jpg,91,1,0.7809668926118485,1
Disc & Texture,4,91_2.jpg,91,1,0.8211644141154393,1
Disc & Texture,4,91_3.jpg,91,1,0.8557592820597383,1
Disc & Texture,4,91_4.jpg,91,1,0.7839507974739369,1
Disc & Texture,4,91_5.jpg,91,1,0.8599542908808947,1
Disc & Texture,4,91_6.jpg,91,1,0.9663866944743041,1
Disc & Texture,4,91_7.jpg,91,1,0.7791768842770019,1
Disc & Texture,4,95_0.jpg,95,1,0.9546481043307877,1
Disc & Texture,4,95_1.jpg,95,1,0.9044830789118291,1
Disc & Texture,4,99_0.jpg,99,1,0.7534436710558835,1
Disc & Texture,4,99_1.jpg,99,1,0.8228071661117689,1
Disc & Texture,4,99_2.jpg,99,1,0.7392936888117397,1
Disc & Texture,4,99_3.jpg,99,1,0.8392532995019845,1
Disc & Texture,4,99_4.jpg,99,1,0.5218125198478121,1
Disc & Texture,4,99_5.jpg,99,1,0.7717137948239581,1
Disc & Texture,5,193_0.jpg,193,0,0.7750887965695291,1
Disc & Texture,5,193_1.jpg,193,0,0.6456056536374719,1
Disc & Texture,5,199_0.jpg,199,0,0.48268034941055454,0
Disc & Texture,5,199_1.jpg,199,0,0.3759063147194624,0
Disc & Texture,5,200_0.jpg,200,0,0.2536792594745238,0
Disc & Texture,5,200_1.jpg,200,0,0.8004223485304597,1
Disc & Texture,5,200_2.jpg,200,0,0.8764797885139811,1
Disc & Texture,5,200_3.jpg,200,0,0.597890611150073,1
Disc & Texture,5,207_0.jpg,207,0,0.41295683108664044,0
Disc & Texture,5,207_1.jpg,207,0,0.20527781567937795,0
Disc & Texture,5,207_2.jpg,207,0,0.3745554484549444,0
Disc & Texture,5,212_0.jpg,212,0,0.3284684630232036,0
Disc & Texture,5,217_0.jpg,217,0,0.18762960973816356,0
Disc & Texture,5,219_0.jpg,219,0,0.7447421126196321,1
Disc & Texture,5,219_1.jpg,219,0,0.6125031663704552,1
Disc & Texture,5,219_2.jpg,219,0,0.24566667106275836,0
Disc & Texture,5,228_0.jpg,228,0,0.501356011576825,1
Disc & Texture,5,235_0.jpg,235,0,0.35500945971073533,0
Disc & Texture,5,249_0.jpg,249,0,0.6742913592817823,1
Disc & Texture,5,249_1.jpg,249,0,0.28564809635983646,0
Disc & Texture,5,249_2.jpg,249,0,0.7816828300147161,1
Disc & Texture,5,249_3.jpg,249,0,0.7787000287965471,1
Disc & Texture,5,251_0.jpg,251,0,0.646961277782305,1
Disc & Texture,5,258_0.jpg,258,0,0.3839054996702428,0
Disc & Texture,5,258_1.jpg,258,0,0.13246010240838024,0
Disc & Texture,5,263_0.jpg,263,0,0.8000382283633561,1
Disc & Texture,5,267_0.jpg,267,0,0.22652652003989687,0
Disc & Texture,5,270_0.jpg,270,0,0.16404175522111042,0
Disc & Texture,5,270_1.jpg,270,0,0.5276312584058245,1
Disc & Texture,5,278_0.jpg,278,0,0.6918863823727335,1
Disc & Texture,5,278_1.jpg,278,0,0.7490667126260481,1
Disc & Texture,5,279_0.jpg,279,0,0.6429891284969615,1
Disc & Texture,5,279_1.jpg,279,0,0.22292231767403195,0
Disc & Texture,5,281_0.jpg,281,0,0.7794700537008032,1
Disc & Texture,5,281_1.jpg,281,0,0.46630619569539083,0
Disc & Texture,5,282_0.jpg,282,0,0.2689340162036433,0
Disc & Texture,5,282_1.jpg,282,0,0.3842625627994083,0
Disc & Texture,5,287_0.jpg,287,0,0.6701009859703413,1
Disc & Texture,5,287_1.jpg,287,0,0.799452330114622,1
Disc & Texture,5,104_0.jpg,104,1,0.882063743609762,1
Disc & Texture,5,104_1.jpg,104,1,0.8921681106179278,1
Disc & Texture,5,104_2.jpg,104,1,0.971936542365508,1
Disc & Texture,5,104_3.jpg,104,1,0.8624953058082718,1
Disc & Texture,5,104_4.jpg,104,1,0.8667631685475446,1
Disc & Texture,5,104_5.jpg,104,1,0.916542737481562,1
Disc & Texture,5,104_6.jpg,104,1,0.8730722097069298,1
Disc & Texture,5,118_0.jpg,118,1,0.8291562047342151,1
Disc & Texture,5,118_1.jpg,118,1,0.9285015051908719,1
Disc & Texture,5,11_0.jpg,11,1,0.8825545308169346,1
Disc & Texture,5,120_0.jpg,120,1,0.7551529416456172,1
Disc & Texture,5,120_1.jpg,120,1,0.8024525461085231,1
Disc & Texture,5,123_0.jpg,123,1,0.9083423075564169,1
Disc & Texture,5,123_1.jpg,123,1,0.934949213414527,1
Disc & Texture,5,123_2.jpg,123,1,0.8717902655426972,1
Disc & Texture,5,129_0.jpg,129,1,0.8711758615695454,1
Disc & Texture,5,129_1.jpg,129,1,0.9065779364741897,1
Disc & Texture,5,129_2.jpg,129,1,0.9029594459929556,1
Disc & Texture,5,135_0.jpg,135,1,0.9355912240412274,1
Disc & Texture,5,135_1.jpg,135,1,0.8445209915038141,1
Disc & Texture,5,135_2.jpg,135,1,0.7229948335938541,1
Disc & Texture,5,135_3.jpg,135,1,0.6990002461039861,1
Disc & Texture,5,135_4.jpg,135,1,0.7404785017800751,1
Disc & Texture,5,13_0.jpg,13,1,0.8519406598050075,1
Disc & Texture,5,13_1.jpg,13,1,0.8523155154359421,1
Disc & Texture,5,140_0.jpg,140,1,0.8826910406098628,1
Disc & Texture,5,140_1.jpg,140,1,0.9120762157749002,1
Disc & Texture,5,140_2.jpg,140,1,0.8385792983089955,1
Disc & Texture,5,142_0.jpg,142,1,0.8667324624972791,1
Disc & Texture,5,146_0.jpg,146,1,0.7431897607924437,1
Disc & Texture,5,147_0.jpg,147,1,0.9046014133935099,1
Disc & Texture,5,147_1.jpg,147,1,0.8832156600045147,1
Disc & Texture,5,148_0.jpg,148,1,0.860993052577632,1
Disc & Texture,5,148_1.jpg,148,1,0.860993052577632,1
Disc & Texture,5,148_2.jpg,148,1,0.7118844743031576,1
Disc & Texture,5,148_3.jpg,148,1,0.8155265789064009,1
Disc & Texture,5,167_0.jpg,167,1,0.733577322370363,1
Disc & Texture,5,167_1.jpg,167,1,0.8734594663934513,1
Disc & Texture,5,176_0.jpg,176,1,0.8144815741365572,1
Disc & Texture,5,176_1.jpg,176,1,0.8498682838839042,1
Disc & Texture,5,176_2.jpg,176,1,0.9606403115761473,1
Disc & Texture,5,180_0.jpg,180,1,0.6598137191474122,1
Disc & Texture,5,180_1.jpg,180,1,0.8470901414826746,1
Disc & Texture,5,180_2.jpg,180,1,0.8744188209498062,1
Disc & Texture,5,180_3.jpg,180,1,0.6195077681387648,1
Disc & Texture,5,180_4.jpg,180,1,0.638361923812319,1
Disc & Texture,5,180_5.jpg,180,1,0.849806182033476,1
Disc & Texture,5,186_0.jpg,186,1,0.5795685761576909,1
Disc & Texture,5,186_1.jpg,186,1,0.764623787598848,1
Disc & Texture,5,186_2.jpg,186,1,0.7023381414883452,1
Disc & Texture,5,18_0.jpg,18,1,0.6747436210270711,1
Disc & Texture,5,18_1.jpg,18,1,0.7619301043949913,1
Disc & Texture,5,18_2.jpg,18,1,0.5864276305937931,1
Disc & Texture,5,18_3.jpg,18,1,0.916275814039949,1
Disc & Texture,5,18_4.jpg,18,1,0.7925215941358907,1
Disc & Texture,5,20_0.jpg,20,1,0.7843890350666348,1
Disc & Texture,5,20_1.jpg,20,1,0.6789892622291981,1
Disc & Texture,5,22_0.jpg,22,1,0.8684128350756355,1
Disc & Texture,5,22_1.jpg,22,1,0.7884403492092408,1
Disc & Texture,5,30_0.jpg,30,1,0.8218518826781416,1
Disc & Texture,5,31_0.jpg,31,1,0.8803421553499089,1
Disc & Texture,5,31_1.jpg,31,1,0.8943329646159509,1
Disc & Texture,5,31_2.jpg,31,1,0.7700506807988983,1
Disc & Texture,5,31_3.jpg,31,1,0.9438960501129343,1
Disc & Texture,5,31_4.jpg,31,1,0.7069253363768968,1
Disc & Texture,5,31_5.jpg,31,1,0.5654482323659766,1
Disc & Texture,5,31_6.jpg,31,1,0.5483304901281731,1
Disc & Texture,5,34_0.jpg,34,1,0.8624919262061654,1
Disc & Texture,5,34_1.jpg,34,1,0.8560013813442617,1
Disc & Texture,5,34_2.jpg,34,1,0.9160577648215421,1
Disc & Texture,5,34_3.jpg,34,1,0.8244067401883604,1
Disc & Texture,5,41_0.jpg,41,1,0.8339504617500161,1
Disc & Texture,5,43_0.jpg,43,1,0.8483051688807306,1
Disc & Texture,5,43_1.jpg,43,1,0.9526247120965452,1
Disc & Texture,5,43_2.jpg,43,1,0.8755595306906341,1
Disc & Texture,5,43_3.jpg,43,1,0.8542509940728245,1
Disc & Texture,5,46_0.jpg,46,1,0.921301783926963,1
Disc & Texture,5,46_1.jpg,46,1,0.9767518939964518,1
Disc & Texture,5,54_0.jpg,54,1,0.7399206071851819,1
Disc & Texture,5,54_1.jpg,54,1,0.9055704645704624,1
Disc & Texture,5,54_2.jpg,54,1,0.919122468922618,1
Disc & Texture,5,54_3.jpg,54,1,0.7022369491321655,1
Disc & Texture,5,55_0.jpg,55,1,0.8134582544712197,1
Disc & Texture,5,55_1.jpg,55,1,0.8377108003554494,1
Disc & Texture,5,55_2.jpg,55,1,0.8884268533508868,1
Disc & Texture,5,55_3.jpg,55,1,0.5290654130890338,1
Disc & Texture,5,55_4.jpg,55,1,0.7490610421747541,1
Disc & Texture,5,57_0.jpg,57,1,0.8643121273115316,1
Disc & Texture,5,57_1.jpg,57,1,0.8815015414370875,1
Disc & Texture,5,57_2.jpg,57,1,0.8540455254205946,1
Disc & Texture,5,5_0.jpg,5,1,0.941857883601516,1
Disc & Texture,5,5_1.jpg,5,1,0.875719228024252,1
Disc & Texture,5,67_0.jpg,67,1,0.4966791700935353,0
Disc & Texture,5,78_0.jpg,78,1,0.7675567682811321,1
Disc & Texture,5,78_1.jpg,78,1,0.8426149824618956,1
Disc & Texture,5,86_0.jpg,86,1,0.8218801110995784,1
Disc & Texture,5,86_1.jpg,86,1,0.8218801110995784,1
Disc & Texture,5,88_0.jpg,88,1,0.766104187024833,1
Disc & Texture,5,89_0.jpg,89,1,0.7991088963888516,1
Disc & Texture,5,97_0.jpg,97,1,0.9009763233715499,1
Disc & Texture,5,98_0.jpg,98,1,0.8426342760195272,1
Vessel & Texture,1,195_0.jpg,195,0,0.4197024766622535,0
Vessel & Texture,1,195_1.jpg,195,0,0.8856224413357279,1
Vessel & Texture,1,195_2.jpg,195,0,0.10218241982499769,0
Vessel & Texture,1,196_0.jpg,196,0,0.11541731101765336,0
Vessel & Texture,1,197_0.jpg,197,0,0.2930363529552608,0
Vessel & Texture,1,202_0.jpg,202,0,0.6176562688718512,1
Vessel & Texture,1,202_1.jpg,202,0,0.0972969658129427,0
Vessel & Texture,1,205_0.jpg,205,0,0.30249204618633885,0
Vessel & Texture,1,205_1.jpg,205,0,0.1383138401075081,0
Vessel & Texture,1,213_0.jpg,213,0,0.29532172279950775,0
Vessel & Texture,1,216_0.jpg,216,0,0.8418032790431776,1
Vessel & Texture,1,218_0.jpg,218,0,0.7228400178034061,1
Vessel & Texture,1,223_0.jpg,223,0,0.38877046546026295,0
Vessel & Texture,1,223_1.jpg,223,0,0.08522529680150093,0
Vessel & Texture,1,223_2.jpg,223,0,0.3031074245914699,0
Vessel & Texture,1,227_0.jpg,227,0,0.0925436827929305,0
Vessel & Texture,1,227_1.jpg,227,0,0.91816884266654,1
Vessel & Texture,1,227_2.jpg,227,0,0.8555475862118784,1
Vessel & Texture,1,227_3.jpg,227,0,0.7785538414329547,1
Vessel & Texture,1,227_4.jpg,227,0,0.8610266795734128,1
Vessel & Texture,1,230_0.jpg,230,0,0.3554495654233623,0
Vessel & Texture,1,230_1.jpg,230,0,0.21204389926168543,0
Vessel & Texture,1,234_0.jpg,234,0,0.8969105235838377,1
Vessel & Texture,1,234_1.jpg,234,0,0.8628319936286074,1
Vessel & Texture,1,239_0.jpg,239,0,0.3844020097375963,0
Vessel & Texture,1,239_1.jpg,239,0,0.1676613902828346,0
Vessel & Texture,1,241_0.jpg,241,0,0.2084572260734268,0
Vessel & Texture,1,241_1.jpg,241,0,0.5311059395282388,1
Vessel & Texture,1,241_2.jpg,241,0,0.24124341739227007,0
Vessel & Texture,1,242_0.jpg,242,0,0.09184219746646431,0
Vessel & Texture,1,244_0.jpg,244,0,0.8462584578446508,1
Vessel & Texture,1,244_1.jpg,244,0,0.11709432650157925,0
Vessel & Texture,1,246_0.jpg,246,0,0.11687081881279747,0
Vessel & Texture,1,273_0.jpg,273,0,0.23810681909663156,0
Vessel & Texture,1,276_0.jpg,276,0,0.8227267510464432,1
Vessel & Texture,1,276_1.jpg,276,0,0.09369144416879979,0
Vessel & Texture,1,276_2.jpg,276,0,0.06711973872419481,0
Vessel & Texture,1,283_0.jpg,283,0,0.9057401480869831,1
Vessel & Texture,1,283_1.jpg,283,0,0.13099302355814735,0
Vessel & Texture,1,286_0.jpg,286,0,0.47426237822779593,0
Vessel & Texture,1,286_1.jpg,286,0,0.36240557745251295,0
Vessel & Texture,1,0_0.jpg,0,1,0.7466606550434873,1
Vessel & Texture,1,100_0.jpg,100,1,0.1963039089537572,0
Vessel & Texture,1,100_1.jpg,100,1,0.8767741410374906,1
Vessel & Texture,1,100_2.jpg,100,1,0.849762013491927,1
Vessel & Texture,1,100_3.jpg,100,1,0.8607670509185946,1
Vessel & Texture,1,100_4.jpg,100,1,0.9223099267054903,1
Vessel & Texture,1,100_5.jpg,100,1,0.2635724995814984,0
Vessel & Texture,1,100_6.jpg,100,1,0.9065499753879771,1
Vessel & Texture,1,100_7.jpg,100,1,0.9080101801210704,1
Vessel & Texture,1,100_8.jpg,100,1,0.8663117001150705,1
Vessel & Texture,1,100_9.jpg,100,1,0.8174392281179726,1
Vessel & Texture,1,102_0.jpg,102,1,0.9149242055168565,1
Vessel & Texture,1,102_1.jpg,102,1,0.9380386826774711,1
Vessel & Texture,1,108_0.jpg,108,1,0.817831405730918,1
Vessel & Texture,1,108_1.jpg,108,1,0.6762128162286904,1
Vessel & Texture,1,108_2.jpg,108,1,0.6548593627163296,1
Vessel & Texture,1,108_3.jpg,108,1,0.8242199930995691,1
Vessel & Texture,1,108_4.jpg,108,1,0.7930103661550513,1
Vessel & Texture,1,112_0.jpg,112,1,0.8929905693667963,1
Vessel & Texture,1,112_1.jpg,112,1,0.9613390688167043,1
Vessel & Texture,1,112_2.jpg,112,1,0.9664111702318678,1
Vessel & Texture,1,113_0.jpg,113,1,0.9028134979889108,1
Vessel & Texture,1,114_0.jpg,114,1,0.9195941778401207,1
Vessel & Texture,1,114_1.jpg,114,1,0.7081553047078593,1
Vessel & Texture,1,114_2.jpg,114,1,0.9019143152612363,1
Vessel & Texture,1,117_0.jpg,117,1,0.7310361670439363,1
Vessel & Texture,1,137_0.jpg,137,1,0.8836792039232725,1
Vessel & Texture,1,138_0.jpg,138,1,0.6605731614365962,1
Vessel & Texture,1,138_1.jpg,138,1,0.8948123471577767,1
Vessel & Texture,1,138_2.jpg,138,1,0.8743540292953146,1
Vessel & Texture,1,139_0.jpg,139,1,0.7598896541359982,1
Vessel & Texture,1,139_1.jpg,139,1,0.8433815767614203,1
Vessel & Texture,1,139_2.jpg,139,1,0.9524017771480593,1
Vessel & Texture,1,143_0.jpg,143,1,0.9519557310498331,1
Vessel & Texture,1,143_1.jpg,143,1,0.8229934832710665,1
Vessel & Texture,1,143_2.jpg,143,1,0.8624980857823943,1
Vessel & Texture,1,143_3.jpg,143,1,0.926881648201329,1
Vessel & Texture,1,143_4.jpg,143,1,0.9284693644132228,1
Vessel & Texture,1,149_0.jpg,149,1,0.8457963305693422,1
Vessel & Texture,1,153_0.jpg,153,1,0.9035228698526209,1
Vessel & Texture,1,153_1.jpg,153,1,0.8901144566552494,1
Vessel & Texture,1,153_2.jpg,153,1,0.7291107959305339,1
Vessel & Texture,1,153_3.jpg,153,1,0.6959343271623487,1
Vessel & Texture,1,158_0.jpg,158,1,0.7291426059306623,1
Vessel & Texture,1,158_1.jpg,158,1,0.6042772910277607,1
Vessel & Texture,1,160_0.jpg,160,1,0.569384007098174,1
Vessel & Texture,1,160_1.jpg,160,1,0.7722713537186213,1
Vessel & Texture,1,161_0.jpg,161,1,0.8109936120847233,1
Vessel & Texture,1,165_0.jpg,165,1,0.8334048652514112,1
Vessel & Texture,1,165_1.jpg,165,1,0.8253141397496432,1
Vessel & Texture,1,165_2.jpg,165,1,0.8099036322332812,1
Vessel & Texture,1,175_0.jpg,175,1,0.8167323778371833,1
Vessel & Texture,1,175_1.jpg,175,1,0.898057813661532,1
Vessel & Texture,1,184_0.jpg,184,1,0.9172439140253807,1
Vessel & Texture,1,184_1.jpg,184,1,0.8450267590128436,1
Vessel & Texture,1,23_0.jpg,23,1,0.33312051701189505,0
Vessel & Texture,1,23_1.jpg,23,1,0.46235215260987267,0
Vessel & Texture,1,26_0.jpg,26,1,0.9701967862527002,1
Vessel & Texture,1,26_1.jpg,26,1,0.8141300708587552,1
Vessel & Texture,1,32_0.jpg,32,1,0.841252607135948,1
Vessel & Texture,1,32_1.jpg,32,1,0.916916182221671,1
Vessel & Texture,1,32_2.jpg,32,1,0.9109365413027966,1
Vessel & Texture,1,37_0.jpg,37,1,0.9193632677538615,1
Vessel & Texture,1,50_0.jpg,50,1,0.8131499849670754,1
Vessel & Texture,1,50_1.jpg,50,1,0.7584322964101551,1
Vessel & Texture,1,50_2.jpg,50,1,0.9479232941787891,1
Vessel & Texture,1,62_0.jpg,62,1,0.8486860139607603,1
Vessel & Texture,1,62_1.jpg,62,1,0.934245814410956,1
Vessel & Texture,1,62_2.jpg,62,1,0.8616889280365987,1
Vessel & Texture,1,62_3.jpg,62,1,0.8872182736708225,1
Vessel & Texture,1,62_4.jpg,62,1,0.9057969297641086,1
Vessel & Texture,1,62_5.jpg,62,1,0.8866790379483359,1
Vessel & Texture,1,63_0.jpg,63,1,0.9043423193810909,1
Vessel & Texture,1,63_1.jpg,63,1,0.8330051686751703,1
Vessel & Texture,1,63_2.jpg,63,1,0.7838326054311595,1
Vessel & Texture,1,63_3.jpg,63,1,0.9011893462380288,1
Vessel & Texture,1,63_4.jpg,63,1,0.8547018604886408,1
Vessel & Texture,1,63_5.jpg,63,1,0.887604414134271,1
Vessel & Texture,1,63_6.jpg,63,1,0.8873516616655883,1
Vessel & Texture,1,64_0.jpg,64,1,0.9504277382841311,1
Vessel & Texture,1,64_1.jpg,64,1,0.919512369490675,1
Vessel & Texture,1,64_2.jpg,64,1,0.8843811184303803,1
Vessel & Texture,1,64_3.jpg,64,1,0.900276489581474,1
Vessel & Texture,1,64_4.jpg,64,1,0.8741467457309311,1
Vessel & Texture,1,73_0.jpg,73,1,0.7004363953877715,1
Vessel & Texture,1,73_1.jpg,73,1,0.5830418525070309,1
Vessel & Texture,1,73_2.jpg,73,1,0.665982173976114,1
Vessel & Texture,1,73_3.jpg,73,1,0.7134769531271883,1
Vessel & Texture,1,75_0.jpg,75,1,0.8355235591791695,1
Vessel & Texture,1,75_1.jpg,75,1,0.8900767953425273,1
Vessel & Texture,1,75_2.jpg,75,1,0.837784585178329,1
Vessel & Texture,1,79_0.jpg,79,1,0.6967172886031697,1
Vessel & Texture,1,79_1.jpg,79,1,0.8983551409064,1
Vessel & Texture,1,81_0.jpg,81,1,0.9569125170512573,1
Vessel & Texture,1,81_1.jpg,81,1,0.8738087051959443,1
Vessel & Texture,1,81_2.jpg,81,1,0.9129019077888487,1
Vessel & Texture,1,84_0.jpg,84,1,0.8900064688766394,1
Vessel & Texture,1,84_1.jpg,84,1,0.027088974846629598,0
Vessel & Texture,1,8_0.jpg,8,1,0.9540510195111211,1
Vessel & Texture,1,8_1.jpg,8,1,0.7009195523368539,1
Vessel & Texture,1,8_2.jpg,8,1,0.9293733754706117,1
Vessel & Texture,1,8_3.jpg,8,1,0.6749012559377061,1
Vessel & Texture,1,92_0.jpg,92,1,0.9543755684344635,1
Vessel & Texture,1,92_1.jpg,92,1,0.8450649743511675,1
Vessel & Texture,1,94_0.jpg,94,1,0.8674908180165035,1
Vessel & Texture,1,94_1.jpg,94,1,0.8674908180165035,1
Vessel & Texture,1,94_2.jpg,94,1,0.875901219155461,1
Vessel & Texture,1,94_3.jpg,94,1,0.7657834884775377,1
Vessel & Texture,1,96_0.jpg,96,1,0.8184487186903947,1
Vessel & Texture,1,96_1.jpg,96,1,0.30852740960435127,0
Vessel & Texture,1,96_2.jpg,96,1,0.3324424668885744,0
Vessel & Texture,2,187_0.jpg,187,0,0.33627006655086494,0
Vessel & Texture,2,192_0.jpg,192,0,0.3281382907287286,0
Vessel & Texture,2,192_1.jpg,192,0,0.20924221993678643,0
Vessel & Texture,2,198_0.jpg,198,0,0.1045375873391295,0
Vessel & Texture,2,204_0.jpg,204,0,0.10283901923451358,0
Vessel & Texture,2,204_1.jpg,204,0,0.19926392091240624,0
Vessel & Texture,2,206_0.jpg,206,0,0.7418676757144774,1
Vessel & Texture,2,209_0.jpg,209,0,0.13067153703378462,0
Vessel & Texture,2,215_0.jpg,215,0,0.8578656423434076,1
Vessel & Texture,2,215_1.jpg,215,0,0.85959957347174,1
Vessel & Texture,2,215_2.jpg,215,0,0.8485232579182806,1
Vessel & Texture,2,215_3.jpg,215,0,0.77164735989264,1
Vessel & Texture,2,221_0.jpg,221,0,0.40912951710596035,0
Vessel & Texture,2,226_0.jpg,226,0,0.8159847577195789,1
Vessel & Texture,2,226_1.jpg,226,0,0.8538090978601294,1
Vessel & Texture,2,229_0.jpg,229,0,0.17280591720216026,0
Vessel & Texture,2,229_1.jpg,229,0,0.9356979654678946,1
Vessel & Texture,2,233_0.jpg,233,0,0.2855851423049823,0
Vessel & Texture,2,236_0.jpg,236,0,0.672902162395632,1
Vessel & Texture,2,240_0.jpg,240,0,0.2905357854027019,0
Vessel & Texture,2,240_1.jpg,240,0,0.48618794585030173,0
Vessel & Texture,2,240_2.jpg,240,0,0.2535311723164142,0
Vessel & Texture,2,243_0.jpg,243,0,0.7936748260509134,1
Vessel & Texture,2,243_1.jpg,243,0,0.9819502113451515,1
Vessel & Texture,2,248_0.jpg,248,0,0.7835876108909425,1
Vessel & Texture,2,260_0.jpg,260,0,0.3375727592625703,0
Vessel & Texture,2,266_0.jpg,266,0,0.8237669643459941,1
Vessel & Texture,2,271_0.jpg,271,0,0.07902894462806785,0
Vessel & Texture,2,272_0.jpg,272,0,0.47273670019065056,0
Vessel & Texture,2,272_1.jpg,272,0,0.16948830165400394,0
Vessel & Texture,2,275_0.jpg,275,0,0.8671377075940994,1
Vessel & Texture,2,275_1.jpg,275,0,0.7207853411312497,1
Vessel & Texture,2,275_2.jpg,275,0,0.17223017711792019,0
Vessel & Texture,2,277_0.jpg,277,0,0.6014667590633542,1
Vessel & Texture,2,277_1.jpg,277,0,0.7782539724083667,1
Vessel & Texture,2,277_2.jpg,277,0,0.8819346198420884,1
Vessel & Texture,2,103_0.jpg,103,1,0.8346156867475846,1
Vessel & Texture,2,103_1.jpg,103,1,0.8765064932051883,1
Vessel & Texture,2,106_0.jpg,106,1,0.7725494485074327,1
Vessel & Texture,2,111_0.jpg,111,1,0.822403735655233,1
Vessel & Texture,2,115_0.jpg,115,1,0.8626498186795755,1
Vessel & Texture,2,115_1.jpg,115,1,0.9472409748208753,1
Vessel & Texture,2,116_0.jpg,116,1,0.9016726297902921,1
Vessel & Texture,2,116_1.jpg,116,1,0.9479696768888339,1
Vessel & Texture,2,119_0.jpg,119,1,0.9791864902453764,1
Vessel & Texture,2,119_1.jpg,119,1,0.8628642467939843,1
Vessel & Texture,2,126_0.jpg,126,1,0.7261157597712559,1
Vessel & Texture,2,126_1.jpg,126,1,0.791105007378031,1
Vessel & Texture,2,130_0.jpg,130,1,0.8244803153691364,1
Vessel & Texture,2,132_0.jpg,132,1,0.5113789038719512,1
Vessel & Texture,2,132_1.jpg,132,1,0.857456248275386,1
Vessel & Texture,2,145_0.jpg,145,1,0.8177213064345072,1
Vessel & Texture,2,145_1.jpg,145,1,0.9298128578840438,1
Vessel & Texture,2,145_2.jpg,145,1,0.8074901172910829,1
Vessel & Texture,2,150_0.jpg,150,1,0.8113437843989172,1
Vessel & Texture,2,150_1.jpg,150,1,0.8504910299936626,1
Vessel & Texture,2,150_10.jpg,150,1,0.8800359172582891,1
Vessel & Texture,2,150_11.jpg,150,1,0.7795941977538311,1
Vessel & Texture,2,150_12.jpg,150,1,0.859007276145659,1
Vessel & Texture,2,150_13.jpg,150,1,0.742379934064889,1
Vessel & Texture,2,150_2.jpg,150,1,0.8779958119014648,1
Vessel & Texture,2,150_3.jpg,150,1,0.7162215986420916,1
Vessel & Texture,2,150_4.jpg,150,1,0.7961592007988887,1
Vessel & Texture,2,150_5.jpg,150,1,0.8948246416586426,1
Vessel & Texture,2,150_6.jpg,150,1,0.7289460236570744,1
Vessel & Texture,2,150_7.jpg,150,1,0.9223755666001668,1
Vessel & Texture,2,150_8.jpg,150,1,0.8629890487955656,1
Vessel & Texture,2,150_9.jpg,150,1,0.8072782569787836,1
Vessel & Texture,2,151_0.jpg,151,1,0.8511531409845923,1
Vessel & Texture,2,151_1.jpg,151,1,0.8688743276767569,1
Vessel & Texture,2,151_2.jpg,151,1,0.9031056799139843,1
Vessel & Texture,2,151_3.jpg,151,1,0.8616522981305508,1
Vessel & Texture,2,151_4.jpg,151,1,0.9480878387059036,1
Vessel & Texture,2,156_0.jpg,156,1,0.5570122975568432,1
Vessel & Texture,2,157_0.jpg,157,1,0.898981328071016,1
Vessel & Texture,2,157_1.jpg,157,1,0.8986608384645273,1
Vessel & Texture,2,157_2.jpg,157,1,0.799297939663493,1
Vessel & Texture,2,157_3.jpg,157,1,0.8793205968116056,1
Vessel & Texture,2,162_0.jpg,162,1,0.8581624135685081,1
Vessel & Texture,2,162_1.jpg,162,1,0.6645672304997474,1
Vessel & Texture,2,164_0.jpg,164,1,0.7052782072369668,1
Vessel & Texture,2,164_1.jpg,164,1,0.7514911625791669,1
Vessel & Texture,2,164_2.jpg,164,1,0.758678392823779,1
Vessel & Texture,2,164_3.jpg,164,1,0.7274825717304673,1
Vessel & Texture,2,168_0.jpg,168,1,0.7486135560538513,1
Vessel & Texture,2,168_1.jpg,168,1,0.6711584658356151,1
Vessel & Texture,2,168_2.jpg,168,1,0.847471673110868,1
Vessel & Texture,2,169_0.jpg,169,1,0.33331224414604954,0
Vessel & Texture,2,169_1.jpg,169,1,0.3872548245290798,0
Vessel & Texture,2,169_2.jpg,169,1,0.633746346582078,1
Vessel & Texture,2,169_3.jpg,169,1,0.6982996065741124,1
Vessel & Texture,2,173_0.jpg,173,1,0.8053435564655174,1
Vessel & Texture,2,177_0.jpg,177,1,0.8536378796936439,1
Vessel & Texture,2,177_1.jpg,177,1,0.8669287006979283,1
Vessel & Texture,2,177_2.jpg,177,1,0.8169553934508579,1
Vessel & Texture,2,181_0.jpg,181,1,0.46635878494414734,0
Vessel & Texture,2,181_1.jpg,181,1,0.947876452822693,1
Vessel & Texture,2,185_0.jpg,185,1,0.9472608170556152,1
Vessel & Texture,2,185_1.jpg,185,1,0.7417811668762455,1
Vessel & Texture,2,185_2.jpg,185,1,0.853564926735718,1
Vessel & Texture,2,19_0.jpg,19,1,0.8595705638153901,1
Vessel & Texture,2,24_0.jpg,24,1,0.8526736682391663,1
Vessel & Texture,2,29_0.jpg,29,1,0.9251494365241874,1
Vessel & Texture,2,29_1.jpg,29,1,0.8361125396900398,1
Vessel & Texture,2,29_2.jpg,29,1,0.9197963336971005,1
Vessel & Texture,2,35_0.jpg,35,1,0.8265545963692148,1
Vessel & Texture,2,35_1.jpg,35,1,0.853174200647942,1
Vessel & Texture,2,52_0.jpg,52,1,0.9613217704541532,1
Vessel & Texture,2,52_1.jpg,52,1,0.8491313456702876,1
Vessel & Texture,2,58_0.jpg,58,1,0.9625920605930482,1
Vessel & Texture,2,58_1.jpg,58,1,0.8408244345670649,1
Vessel & Texture,2,58_2.jpg,58,1,0.9103565964078518,1
Vessel & Texture,2,59_0.jpg,59,1,0.7419024258011853,1
Vessel & Texture,2,59_1.jpg,59,1,0.7976370778813974,1
Vessel & Texture,2,61_0.jpg,61,1,0.7614274107026546,1
Vessel & Texture,2,61_1.jpg,61,1,0.8864638555909172,1
Vessel & Texture,2,61_2.jpg,61,1,0.955766776022863,1
Vessel & Texture,2,61_3.jpg,61,1,0.8569377100604924,1
Vessel & Texture,2,61_4.jpg,61,1,0.8226045450604933,1
Vessel & Texture,2,68_0.jpg,68,1,0.7982633214777909,1
Vessel & Texture,2,68_1.jpg,68,1,0.9527619466227513,1
Vessel & Texture,2,6_0.jpg,6,1,0.8155506713188712,1
Vessel & Texture,2,6_1.jpg,6,1,0.7848486943455252,1
Vessel & Texture,2,71_0.jpg,71,1,0.6794547881516977,1
Vessel & Texture,2,71_1.jpg,71,1,0.7347625460857458,1
Vessel & Texture,2,85_0.jpg,85,1,0.8238910218748914,1
Vessel & Texture,2,87_0.jpg,87,1,0.8448229988524979,1
Vessel & Texture,2,87_1.jpg,87,1,0.8864065327693008,1
Vessel & Texture,2,87_2.jpg,87,1,0.929668429080013,1
Vessel & Texture,2,87_3.jpg,87,1,0.7290858254871246,1
Vessel & Texture,2,87_4.jpg,87,1,0.9466800727306776,1
Vessel & Texture,2,87_5.jpg,87,1,0.8822081965674178,1
Vessel & Texture,2,87_6.jpg,87,1,0.9231669178069825,1
Vessel & Texture,2,90_0.jpg,90,1,0.9084230498110082,1
Vessel & Texture,2,93_0.jpg,93,1,0.8632168646973072,1
Vessel & Texture,2,93_1.jpg,93,1,0.8747717419904886,1
Vessel & Texture,3,190_0.jpg,190,0,0.15880920512589644,0
Vessel & Texture,3,191_0.jpg,191,0,0.6778704096290186,1
Vessel & Texture,3,191_1.jpg,191,0,0.6503181688910794,1
Vessel & Texture,3,194_0.jpg,194,0,0.11136285883217319,0
Vessel & Texture,3,194_1.jpg,194,0,0.4960747127816903,0
Vessel & Texture,3,208_0.jpg,208,0,0.9179517457578086,1
Vessel & Texture,3,208_1.jpg,208,0,0.9038627738484699,1
Vessel & Texture,3,211_0.jpg,211,0,0.1538319508394565,0
Vessel & Texture,3,211_1.jpg,211,0,0.3450763756810015,0
Vessel & Texture,3,211_2.jpg,211,0,0.10557593194521642,0
Vessel & Texture,3,220_0.jpg,220,0,0.8200140313650063,1
Vessel & Texture,3,220_1.jpg,220,0,0.589769704908311,1
Vessel & Texture,3,231_0.jpg,231,0,0.8883221381397284,1
Vessel & Texture,3,231_1.jpg,231,0,0.9336949059662372,1
Vessel & Texture,3,238_0.jpg,238,0,0.7546454703334519,1
Vessel & Texture,3,238_1.jpg,238,0,0.37168779913431094,0
Vessel & Texture,3,250_0.jpg,250,0,0.6426218073610392,1
Vessel & Texture,3,250_1.jpg,250,0,0.8592071545400186,1
Vessel & Texture,3,252_0.jpg,252,0,0.6561393883223271,1
Vessel & Texture,3,252_1.jpg,252,0,0.3110412519781708,0
Vessel & Texture,3,253_0.jpg,253,0,0.8323809848460765,1
Vessel & Texture,3,253_1.jpg,253,0,0.8985349134090883,1
Vessel & Texture,3,253_2.jpg,253,0,0.876426371811932,1
Vessel & Texture,3,255_0.jpg,255,0,0.2860496685424643,0
Vessel & Texture,3,255_1.jpg,255,0,0.6511816514526575,1
Vessel & Texture,3,255_2.jpg,255,0,0.24512110407056614,0
Vessel & Texture,3,257_0.jpg,257,0,0.3392874606619916,0
Vessel & Texture,3,257_1.jpg,257,0,0.34420390329254374,0
Vessel & Texture,3,261_0.jpg,261,0,0.8799537169287791,1
Vessel & Texture,3,261_1.jpg,261,0,0.34219857626231925,0
Vessel & Texture,3,262_0.jpg,262,0,0.4903152243299617,0
Vessel & Texture,3,264_0.jpg,264,0,0.1172546537494288,0
Vessel & Texture,3,268_0.jpg,268,0,0.3009845074015052,0
Vessel & Texture,3,274_0.jpg,274,0,0.45330173976720795,0
Vessel & Texture,3,284_0.jpg,284,0,0.15152527145995412,0
Vessel & Texture,3,284_1.jpg,284,0,0.10003574339523516,0
Vessel & Texture,3,288_0.jpg,288,0,0.2388255789083553,0
Vessel & Texture,3,105_0.jpg,105,1,0.6501743079240023,1
Vessel & Texture,3,105_1.jpg,105,1,0.8631433570360598,1
Vessel & Texture,3,107_0.jpg,107,1,0.8972425726353132,1
Vessel & Texture,3,107_1.jpg,107,1,0.8368629089909067,1
Vessel & Texture,3,107_2.jpg,107,1,0.810176064142683,1
Vessel & Texture,3,10_0.jpg,10,1,0.9481707890361945,1
Vessel & Texture,3,10_1.jpg,10,1,0.8516606494218841,1
Vessel & Texture,3,10_2.jpg,10,1,0.8887242859415636,1
Vessel & Texture,3,122_0.jpg,122,1,0.8683804334588687,1
Vessel & Texture,3,122_1.jpg,122,1,0.7131788472817036,1
Vessel & Texture,3,125_0.jpg,125,1,0.8073220803759726,1
Vessel & Texture,3,12_0.jpg,12,1,0.8889265023938006,1
Vessel & Texture,3,12_1.jpg,12,1,0.8433553615539856,1
Vessel & Texture,3,12_2.jpg,12,1,0.8587381031582754,1
Vessel & Texture,3,12_3.jpg,12,1,0.9019181943478707,1
Vessel & Texture,3,12_4.jpg,12,1,0.7431525946439258,1
Vessel & Texture,3,131_0.jpg,131,1,0.7629829762750622,1
Vessel & Texture,3,134_0.jpg,134,1,0.8585347200989258,1
Vessel & Texture,3,134_1.jpg,134,1,0.8175445895299224,1
Vessel & Texture,3,141_0.jpg,141,1,0.8352246187141036,1
Vessel & Texture,3,141_1.jpg,141,1,0.9310169474352505,1
Vessel & Texture,3,141_2.jpg,141,1,0.8869850974883478,1
Vessel & Texture,3,141_3.jpg,141,1,0.9228565016920929,1
Vessel & Texture,3,141_4.jpg,141,1,0.8579125100425986,1
Vessel & Texture,3,141_5.jpg,141,1,0.8835547476220015,1
Vessel & Texture,3,141_6.jpg,141,1,0.8552167917366701,1
Vessel & Texture,3,144_0.jpg,144,1,0.7526920664470806,1
Vessel & Texture,3,144_1.jpg,144,1,0.27966677414182906,0
Vessel & Texture,3,144_2.jpg,144,1,0.6105145454286695,1
Vessel & Texture,3,144_3.jpg,144,1,0.621020419022702,1
Vessel & Texture,3,14_0.jpg,14,1,0.9300154073684365,1
Vessel & Texture,3,14_1.jpg,14,1,0.8965071736624765,1
Vessel & Texture,3,166_0.jpg,166,1,0.9211161334817072,1
Vessel & Texture,3,166_1.jpg,166,1,0.3103994745055084,0
Vessel & Texture,3,166_2.jpg,166,1,0.960607866730019,1
Vessel & Texture,3,16_0.jpg,16,1,0.8557093686041047,1
Vessel & Texture,3,16_1.jpg,16,1,0.7770524946203544,1
Vessel & Texture,3,16_2.jpg,16,1,0.8101261739316733,1
Vessel & Texture,3,16_3.jpg,16,1,0.6796939585140028,1
Vessel & Texture,3,16_4.jpg,16,1,0.6496100902954445,1
Vessel & Texture,3,171_0.jpg,171,1,0.7215245172315927,1
Vessel & Texture,3,172_0.jpg,172,1,0.8993508751573995,1
Vessel & Texture,3,172_1.jpg,172,1,0.9429913075161168,1
Vessel & Texture,3,172_2.jpg,172,1,0.938713792377849,1
Vessel & Texture,3,172_3.jpg,172,1,0.926506788881364,1
Vessel & Texture,3,174_0.jpg,174,1,0.9032510384237945,1
Vessel & Texture,3,178_0.jpg,178,1,0.7063838584543484,1
Vessel & Texture,3,179_0.jpg,179,1,0.8735486716072071,1
Vessel & Texture,3,179_1.jpg,179,1,0.7867304708835883,1
Vessel & Texture,3,179_2.jpg,179,1,0.7290722653546118,1
Vessel & Texture,3,1_0.jpg,1,1,0.7499691987793891,1
Vessel & Texture,3,1_1.jpg,1,1,0.8654056568209845,1
Vessel & Texture,3,21_0.jpg,21,1,0.6705946667456112,1
Vessel & Texture,3,21_1.jpg,21,1,0.8130175128732436,1
Vessel & Texture,3,25_0.jpg,25,1,0.804163761989345,1
Vessel & Texture,3,25_1.jpg,25,1,0.8804301421749504,1
Vessel & Texture,3,28_0.jpg,28,1,0.941230998694803,1
Vessel & Texture,3,28_1.jpg,28,1,0.9299718875062736,1
Vessel & Texture,3,28_2.jpg,28,1,0.8456112403153457,1
Vessel & Texture,3,28_3.jpg,28,1,0.9255397421136933,1
Vessel & Texture,3,38_0.jpg,38,1,0.6380473946571934,1
Vessel & Texture,3,39_0.jpg,39,1,0.9185845501318393,1
Vessel & Texture,3,39_1.jpg,39,1,0.9419585918796209,1
Vessel & Texture,3,39_2.jpg,39,1,0.8747598197563939,1
Vessel & Texture,3,39_3.jpg,39,1,0.8032046614261005,1
Vessel & Texture,3,44_0.jpg,44,1,0.885960019765135,1
Vessel & Texture,3,44_1.jpg,44,1,0.9451028501876791,1
Vessel & Texture,3,44_2.jpg,44,1,0.956762860684636,1
Vessel & Texture,3,44_3.jpg,44,1,0.9469227079186016,1
Vessel & Texture,3,44_4.jpg,44,1,0.9484684963854432,1
Vessel & Texture,3,44_5.jpg,44,1,0.30650793989248826,0
Vessel & Texture,3,44_6.jpg,44,1,0.9369617850026667,1
Vessel & Texture,3,47_0.jpg,47,1,0.9203137996159413,1
Vessel & Texture,3,47_1.jpg,47,1,0.8029929025008736,1
Vessel & Texture,3,47_2.jpg,47,1,0.896513001543996,1
Vessel & Texture,3,47_3.jpg,47,1,0.8447400840644533,1
Vessel & Texture,3,47_4.jpg,47,1,0.8455773586881125,1
Vessel & Texture,3,47_5.jpg,47,1,0.8891752015714096,1
Vessel & Texture,3,47_6.jpg,47,1,0.8632010307611173,1
Vessel & Texture,3,47_7.jpg,47,1,0.8380757708313814,1
Vessel & Texture,3,48_0.jpg,48,1,0.8850631521161997,1
Vessel & Texture,3,4_0.jpg,4,1,0.8557730920704887,1
Vessel & Texture,3,51_0.jpg,51,1,0.8984832052554461,1
Vessel & Texture,3,53_0.jpg,53,1,0.9245151771791533,1
Vessel & Texture,3,53_1.jpg,53,1,0.7540859600423535,1
Vessel & Texture,3,53_2.jpg,53,1,0.9444105798172779,1
Vessel & Texture,3,53_3.jpg,53,1,0.6784350623645473,1
Vessel & Texture,3,53_4.jpg,53,1,0.8431243251970493,1
Vessel & Texture,3,60_0.jpg,60,1,0.6910966004538627,1
Vessel & Texture,3,69_0.jpg,69,1,0.7680552453566437,1
Vessel & Texture,3,69_1.jpg,69,1,0.8094968600127125,1
Vessel & Texture,3,72_0.jpg,72,1,0.8391335159366612,1
Vessel & Texture,3,72_1.jpg,72,1,0.8563210564315322,1
Vessel & Texture,3,72_2.jpg,72,1,0.9747010931755825,1
Vessel & Texture,3,72_3.jpg,72,1,0.9095152247142427,1
Vessel & Texture,3,76_0.jpg,76,1,0.943459722906585,1
Vessel & Texture,3,76_1.jpg,76,1,0.8533324201167826,1
Vessel & Texture,3,80_0.jpg,80,1,0.9716119362927818,1
Vessel & Texture,3,80_1.jpg,80,1,0.9329248784739239,1
Vessel & Texture,3,80_2.jpg,80,1,0.9681837195814067,1
Vessel & Texture,3,82_0.jpg,82,1,0.9108881384541904,1
Vessel & Texture,3,82_1.jpg,82,1,0.9335106212903581,1
Vessel & Texture,3,83_0.jpg,83,1,0.9187190353469596,1
Vessel & Texture,3,83_1.jpg,83,1,0.8984074719239658,1
Vessel & Texture,3,9_0.jpg,9,1,0.8041125444971614,1
Vessel & Texture,3,9_1.jpg,9,1,0.8758392014771829,1
Vessel & Texture,4,188_0.jpg,188,0,0.6581851706485135,1
Vessel & Texture,4,188_1.jpg,188,0,0.47733314970513596,0
Vessel & Texture,4,189_0.jpg,189,0,0.9426621328075467,1
Vessel & Texture,4,189_1.jpg,189,0,0.6057074562879209,1
Vessel & Texture,4,189_2.jpg,189,0,0.21069291233855303,0
Vessel & Texture,4,201_0.jpg,201,0,0.7009719057607939,1
Vessel & Texture,4,201_1.jpg,201,0,0.7549973860597636,1
Vessel & Texture,4,203_0.jpg,203,0,0.4582863278441623,0
Vessel & Texture,4,203_1.jpg,203,0,0.6244055713420558,1
Vessel & Texture,4,210_0.jpg,210,0,0.7115771855854988,1
Vessel & Texture,4,214_0.jpg,214,0,0.7045211137299997,1
Vessel & Texture,4,214_1.jpg,214,0,0.2987517883665468,0
Vessel & Texture,4,214_2.jpg,214,0,0.8689674796328655,1
Vessel & Texture,4,214_3.jpg,214,0,0.30213581445542714,0
Vessel & Texture,4,222_0.jpg,222,0,0.5325131245026471,1
Vessel & Texture,4,222_1.jpg,222,0,0.07261015135526389,0
Vessel & Texture,4,224_0.jpg,224,0,0.47478422354746624,0
Vessel & Texture,4,224_1.jpg,224,0,0.07845929190196625,0
Vessel & Texture,4,224_2.jpg,224,0,0.6053260190963075,1
Vessel & Texture,4,224_3.jpg,224,0,0.08126060282149705,0
Vessel & Texture,4,225_0.jpg,225,0,0.1934219226160568,0
Vessel & Texture,4,225_1.jpg,225,0,0.3826904300057326,0
Vessel & Texture,4,232_0.jpg,232,0,0.2475398507557059,0
Vessel & Texture,4,237_0.jpg,237,0,0.894141737590987,1
Vessel & Texture,4,237_1.jpg,237,0,0.5891407972718903,1
Vessel & Texture,4,245_0.jpg,245,0,0.12428789312673111,0
Vessel & Texture,4,245_1.jpg,245,0,0.879738238074699,1
Vessel & Texture,4,245_2.jpg,245,0,0.2892607152546321,0
Vessel & Texture,4,247_0.jpg,247,0,0.5068974932934863,1
Vessel & Texture,4,247_1.jpg,247,0,0.49131695585706603,0
Vessel & Texture,4,254_0.jpg,254,0,0.21184398093260667,0
Vessel & Texture,4,256_0.jpg,256,0,0.06932259490959583,0
Vessel & Texture,4,256_1.jpg,256,0,0.042660935524403074,0
Vessel & Texture,4,259_0.jpg,259,0,0.1744615650309433,0
Vessel & Texture,4,259_1.jpg,259,0,0.6969565273611212,1
Vessel & Texture,4,259_2.jpg,259,0,0.6922042251073929,1
Vessel & Texture,4,259_3.jpg,259,0,0.794353141432048,1
Vessel & Texture,4,259_4.jpg,259,0,0.7903918214436846,1
Vessel & Texture,4,259_5.jpg,259,0,0.33120028714109034,0
Vessel & Texture,4,265_0.jpg,265,0,0.3635160527437652,0
Vessel & Texture,4,265_1.jpg,265,0,0.13468383450951685,0
Vessel & Texture,4,269_0.jpg,269,0,0.4341417399055855,0
Vessel & Texture,4,269_1.jpg,269,0,0.14405208504490186,0
Vessel & Texture,4,280_0.jpg,280,0,0.046854886256271364,0
Vessel & Texture,4,280_1.jpg,280,0,0.884263840378889,1
Vessel & Texture,4,285_0.jpg,285,0,0.4678618978698651,0
Vessel & Texture,4,101_0.jpg,101,1,0.9162344577316042,1
Vessel & Texture,4,109_0.jpg,109,1,0.7630443200853382,1
Vessel & Texture,4,109_1.jpg,109,1,0.6330895815831298,1
Vessel & Texture,4,109_2.jpg,109,1,0.9146039979805974,1
Vessel & Texture,4,109_3.jpg,109,1,0.5476427354573201,1
Vessel & Texture,4,109_4.jpg,109,1,0.9371157501439076,1
Vessel & Texture,4,110_0.jpg,110,1,0.8271543298006798,1
Vessel & Texture,4,110_1.jpg,110,1,0.8865775974472533,1
Vessel & Texture,4,110_2.jpg,110,1,0.9627367440695651,1
Vessel & Texture,4,121_0.jpg,121,1,0.8296659340117887,1
Vessel & Texture,4,121_1.jpg,121,1,0.7540546570242193,1
Vessel & Texture,4,121_2.jpg,121,1,0.8787155771952362,1
Vessel & Texture,4,124_0.jpg,124,1,0.7180579604506405,1
Vessel & Texture,4,127_0.jpg,127,1,0.7934346878544019,1
Vessel & Texture,4,128_0.jpg,128,1,0.4159332932743526,0
Vessel & Texture,4,133_0.jpg,133,1,0.8983395280594795,1
Vessel & Texture,4,136_0.jpg,136,1,0.8731489765025822,1
Vessel & Texture,4,136_1.jpg,136,1,0.869208068671502,1
Vessel & Texture,4,152_0.jpg,152,1,0.8385139040020744,1
Vessel & Texture,4,154_0.jpg,154,1,0.7355152250341256,1
Vessel & Texture,4,154_1.jpg,154,1,0.797971555797016,1
Vessel & Texture,4,154_2.jpg,154,1,0.9434146613735902,1
Vessel & Texture,4,154_3.jpg,154,1,0.7382453368427434,1
Vessel & Texture,4,154_4.jpg,154,1,0.9472836257410312,1
Vessel & Texture,4,154_5.jpg,154,1,0.8212016009334877,1
Vessel & Texture,4,155_0.jpg,155,1,0.8841549154206468,1
Vessel & Texture,4,155_1.jpg,155,1,0.9185882977115045,1
Vessel & Texture,4,155_2.jpg,155,1,0.7450517486301834,1
Vessel & Texture,4,155_3.jpg,155,1,0.8921340547712232,1
Vessel & Texture,4,159_0.jpg,159,1,0.8889020604830691,1
Vessel & Texture,4,159_1.jpg,159,1,0.6792641444004481,1
Vessel & Texture,4,15_0.jpg,15,1,0.8081773680939552,1
Vessel & Texture,4,163_0.jpg,163,1,0.7697811019195382,1
Vessel & Texture,4,163_1.jpg,163,1,0.831136709550328,1
Vessel & Texture,4,163_2.jpg,163,1,0.8934503444610224,1
Vessel & Texture,4,163_3.jpg,163,1,0.9343880860101398,1
Vessel & Texture,4,163_4.jpg,163,1,0.8282799863960125,1
Vessel & Texture,4,170_0.jpg,170,1,0.7682908097599774,1
Vessel & Texture,4,170_1.jpg,170,1,0.5190293935417089,1
Vessel & Texture,4,170_2.jpg,170,1,0.766495378360844,1
Vessel & Texture,4,170_3.jpg,170,1,0.58681846359127,1
Vessel & Texture,4,170_4.jpg,170,1,0.7844265524939327,1
Vessel & Texture,4,170_5.jpg,170,1,0.5535742603992593,1
Vessel & Texture,4,17_0.jpg,17,1,0.933712119621551,1
Vessel & Texture,4,17_1.jpg,17,1,0.6654505681317044,1
Vessel & Texture,4,17_2.jpg,17,1,0.9378009663979181,1
Vessel & Texture,4,17_3.jpg,17,1,0.6933474890859338,1
Vessel & Texture,4,17_4.jpg,17,1,0.6663765013832155,1
Vessel & Texture,4,17_5.jpg,17,1,0.7603302155750831,1
Vessel & Texture,4,183_0.jpg,183,1,0.8340823796083978,1
Vessel & Texture,4,183_1.jpg,183,1,0.7991377127260183,1
Vessel & Texture,4,183_2.jpg,183,1,0.8502657195408712,1
Vessel & Texture,4,183_3.jpg,183,1,0.902998910018177,1
Vessel & Texture,4,183_4.jpg,183,1,0.8965204213776594,1
Vessel & Texture,4,183_5.jpg,183,1,0.8456395097210746,1
Vessel & Texture,4,183_6.jpg,183,1,0.8325087638155904,1
Vessel & Texture,4,183_7.jpg,183,1,0.9163584287438884,1
Vessel & Texture,4,27_0.jpg,27,1,0.7653091656051726,1
Vessel & Texture,4,27_1.jpg,27,1,0.8430451221007421,1
Vessel & Texture,4,2_0.jpg,2,1,0.855929910344458,1
Vessel & Texture,4,2_1.jpg,2,1,0.9449055056059364,1
Vessel & Texture,4,33_0.jpg,33,1,0.7152397615973831,1
Vessel & Texture,4,33_1.jpg,33,1,0.9325682220219004,1
Vessel & Texture,4,36_0.jpg,36,1,0.9084220852091507,1
Vessel & Texture,4,36_1.jpg,36,1,0.3918169899155569,0
Vessel & Texture,4,36_10.jpg,36,1,0.9278948548854354,1
Vessel & Texture,4,36_11.jpg,36,1,0.4514069131340829,0
Vessel & Texture,4,36_2.jpg,36,1,0.9135642152367482,1
Vessel & Texture,4,36_3.jpg,36,1,0.32535628778761105,0
Vessel & Texture,4,36_4.jpg,36,1,0.8387502105858902,1
Vessel & Texture,4,36_5.jpg,36,1,0.3982258411051258,0
Vessel & Texture,4,36_6.jpg,36,1,0.9773784219211927,1
Vessel & Texture,4,36_7.jpg,36,1,0.41608674051197697,0
Vessel & Texture,4,36_8.jpg,36,1,0.9170286412059976,1
Vessel & Texture,4,36_9.jpg,36,1,0.7103499020914431,1
Vessel & Texture,4,3_0.jpg,3,1,0.8632555398888812,1
Vessel & Texture,4,3_1.jpg,3,1,0.7860384287106946,1
Vessel & Texture,4,40_0.jpg,40,1,0.9034955215553004,1
Vessel & Texture,4,40_1.jpg,40,1,0.869996142937277,1
Vessel & Texture,4,42_0.jpg,42,1,0.7478010629899619,1
Vessel & Texture,4,42_1.jpg,42,1,0.8959642294105413,1
Vessel & Texture,4,42_2.jpg,42,1,0.9408220244849906,1
Vessel & Texture,4,42_3.jpg,42,1,0.9221047724585456,1
Vessel & Texture,4,45_0.jpg,45,1,0.9060800872314908,1
Vessel & Texture,4,49_0.jpg,49,1,0.8745997046204296,1
Vessel & Texture,4,49_1.jpg,49,1,0.8187072946031476,1
Vessel & Texture,4,56_0.jpg,56,1,0.6583850298769437,1
Vessel & Texture,4,56_1.jpg,56,1,0.6583850298769437,1
Vessel & Texture,4,56_2.jpg,56,1,0.6766379273893961,1
Vessel & Texture,4,56_3.jpg,56,1,0.891688941065232,1
Vessel & Texture,4,65_0.jpg,65,1,0.5835427356213877,1
Vessel & Texture,4,65_1.jpg,65,1,0.6786728704016644,1
Vessel & Texture,4,65_2.jpg,65,1,0.7065230701026683,1
Vessel & Texture,4,65_3.jpg,65,1,0.881557029589479,1
Vessel & Texture,4,65_4.jpg,65,1,0.7929470144333866,1
Vessel & Texture,4,65_5.jpg,65,1,0.8271543298006798,1
Vessel & Texture,4,65_6.jpg,65,1,0.5908479106873155,1
Vessel & Texture,4,65_7.jpg,65,1,0.8329891368706064,1
Vessel & Texture,4,66_0.jpg,66,1,0.656352358721999,1
Vessel & Texture,4,66_1.jpg,66,1,0.8324649048020352,1
Vessel & Texture,4,66_2.jpg,66,1,0.7439357668172599,1
Vessel & Texture,4,66_3.jpg,66,1,0.549079833272261,1
Vessel & Texture,4,66_4.jpg,66,1,0.76722589396705,1
Vessel & Texture,4,66_5.jpg,66,1,0.48183575009862956,0
Vessel & Texture,4,70_0.jpg,70,1,0.8793098220865354,1
Vessel & Texture,4,70_1.jpg,70,1,0.814990701025589,1
Vessel & Texture,4,70_2.jpg,70,1,0.9239525473706077,1
Vessel & Texture,4,74_0.jpg,74,1,0.8164511355261063,1
Vessel & Texture,4,74_1.jpg,74,1,0.8700972564804674,1
Vessel & Texture,4,77_0.jpg,77,1,0.56390458628522,1
Vessel & Texture,4,77_1.jpg,77,1,0.7966870438132279,1
Vessel & Texture,4,77_2.jpg,77,1,0.9332826706889086,1
Vessel & Texture,4,77_3.jpg,77,1,0.8913935926782436,1
Vessel & Texture,4,7_0.jpg,7,1,0.5924315196623886,1
Vessel & Texture,4,91_0.jpg,91,1,0.8901669541090277,1
Vessel & Texture,4,91_1.jpg,91,1,0.7577170156898958,1
Vessel & Texture,4,91_2.jpg,91,1,0.8347125236787066,1
Vessel & Texture,4,91_3.jpg,91,1,0.8750031152640229,1
Vessel & Texture,4,91_4.jpg,91,1,0.6989367445546729,1
Vessel & Texture,4,91_5.jpg,91,1,0.8229712002825136,1
Vessel & Texture,4,91_6.jpg,91,1,0.9003316855240926,1
Vessel & Texture,4,91_7.jpg,91,1,0.7912980996350331,1
Vessel & Texture,4,95_0.jpg,95,1,0.8801100900867482,1
Vessel & Texture,4,95_1.jpg,95,1,0.9297322328543833,1
Vessel & Texture,4,99_0.jpg,99,1,0.8326418107334138,1
Vessel & Texture,4,99_1.jpg,99,1,0.8377777548137917,1
Vessel & Texture,4,99_2.jpg,99,1,0.7221191073845878,1
Vessel & Texture,4,99_3.jpg,99,1,0.866994935892389,1
Vessel & Texture,4,99_4.jpg,99,1,0.6505891853145915,1
Vessel & Texture,4,99_5.jpg,99,1,0.6997674890737787,1
Vessel & Texture,5,193_0.jpg,193,0,0.7948878941204356,1
Vessel & Texture,5,193_1.jpg,193,0,0.5896647511354446,1
Vessel & Texture,5,199_0.jpg,199,0,0.485100168877619,0
Vessel & Texture,5,199_1.jpg,199,0,0.45961734407835964,0
Vessel & Texture,5,200_0.jpg,200,0,0.23361782941222958,0
Vessel & Texture,5,200_1.jpg,200,0,0.884626485588897,1
Vessel & Texture,5,200_2.jpg,200,0,0.844639984423644,1
Vessel & Texture,5,200_3.jpg,200,0,0.60631721610597,1
Vessel & Texture,5,207_0.jpg,207,0,0.45621407704746353,0
Vessel & Texture,5,207_1.jpg,207,0,0.09564461141547252,0
Vessel & Texture,5,207_2.jpg,207,0,0.3401888721219473,0
Vessel & Texture,5,212_0.jpg,212,0,0.4179038558581999,0
Vessel & Texture,5,217_0.jpg,217,0,0.1728749779756542,0
Vessel & Texture,5,219_0.jpg,219,0,0.7322622090520899,1
Vessel & Texture,5,219_1.jpg,219,0,0.6595899534482367,1
Vessel & Texture,5,219_2.jpg,219,0,0.2537423480766621,0
Vessel & Texture,5,228_0.jpg,228,0,0.505217915829295,1
Vessel & Texture,5,235_0.jpg,235,0,0.550374173344716,1
Vessel & Texture,5,249_0.jpg,249,0,0.7618632211193227,1
Vessel & Texture,5,249_1.jpg,249,0,0.149858275597138,0
Vessel & Texture,5,249_2.jpg,249,0,0.7059066172811026,1
Vessel & Texture,5,249_3.jpg,249,0,0.6865184896811484,1
Vessel & Texture,5,251_0.jpg,251,0,0.5248124834482139,1
Vessel & Texture,5,258_0.jpg,258,0,0.41954211797129254,0
Vessel & Texture,5,258_1.jpg,258,0,0.19522363287255723,0
Vessel & Texture,5,263_0.jpg,263,0,0.6818830146631734,1
Vessel & Texture,5,267_0.jpg,267,0,0.18931893445281717,0
Vessel & Texture,5,270_0.jpg,270,0,0.1819480879572569,0
Vessel & Texture,5,270_1.jpg,270,0,0.40093878904873337,0
Vessel & Texture,5,278_0.jpg,278,0,0.7622258366274933,1
Vessel & Texture,5,278_1.jpg,278,0,0.741326193709383,1
Vessel & Texture,5,279_0.jpg,279,0,0.5130266028131956,1
Vessel & Texture,5,279_1.jpg,279,0,0.29585823912967035,0
Vessel & Texture,5,281_0.jpg,281,0,0.6879787177766629,1
Vessel & Texture,5,281_1.jpg,281,0,0.45567898362196874,0
Vessel & Texture,5,282_0.jpg,282,0,0.2973042541829287,0
Vessel & Texture,5,282_1.jpg,282,0,0.40252952003976356,0
Vessel & Texture,5,287_0.jpg,287,0,0.6963798070590675,1
Vessel & Texture,5,287_1.jpg,287,0,0.7832770781182525,1
Vessel & Texture,5,104_0.jpg,104,1,0.9158542181163943,1
Vessel & Texture,5,104_1.jpg,104,1,0.925100582319289,1
Vessel & Texture,5,104_2.jpg,104,1,0.9260408232002598,1
Vessel & Texture,5,104_3.jpg,104,1,0.7617031086199164,1
Vessel & Texture,5,104_4.jpg,104,1,0.7844275363017423,1
Vessel & Texture,5,104_5.jpg,104,1,0.8364645623822017,1
Vessel & Texture,5,104_6.jpg,104,1,0.7823028549677741,1
Vessel & Texture,5,118_0.jpg,118,1,0.9293933060971884,1
Vessel & Texture,5,118_1.jpg,118,1,0.9267950223584129,1
Vessel & Texture,5,11_0.jpg,11,1,0.8627179141512147,1
Vessel & Texture,5,120_0.jpg,120,1,0.7064520296126555,1
Vessel & Texture,5,120_1.jpg,120,1,0.7483619941149792,1
Vessel & Texture,5,123_0.jpg,123,1,0.8400608354328125,1
Vessel & Texture,5,123_1.jpg,123,1,0.9325246811311206,1
Vessel & Texture,5,123_2.jpg,123,1,0.9055875470150474,1
Vessel & Texture,5,129_0.jpg,129,1,0.9177691031877256,1
Vessel & Texture,5,129_1.jpg,129,1,0.9646920918610173,1
Vessel & Texture,5,129_2.jpg,129,1,0.851690638116684,1
Vessel & Texture,5,135_0.jpg,135,1,0.7821900831353638,1
Vessel & Texture,5,135_1.jpg,135,1,0.9338588506632054,1
Vessel & Texture,5,135_2.jpg,135,1,0.8524066882213123,1
Vessel & Texture,5,135_3.jpg,135,1,0.6965903860636893,1
Vessel & Texture,5,135_4.jpg,135,1,0.8363814487719631,1
Vessel & Texture,5,13_0.jpg,13,1,0.8925810768129533,1
Vessel & Texture,5,13_1.jpg,13,1,0.8986981772505181,1
Vessel & Texture,5,140_0.jpg,140,1,0.8275240778229346,1
Vessel & Texture,5,140_1.jpg,140,1,0.8751010250143056,1
Vessel & Texture,5,140_2.jpg,140,1,0.7998351923326724,1
Vessel & Texture,5,142_0.jpg,142,1,0.7510304435862409,1
Vessel & Texture,5,146_0.jpg,146,1,0.813689309040091,1
Vessel & Texture,5,147_0.jpg,147,1,0.8343966459188485,1
Vessel & Texture,5,147_1.jpg,147,1,0.8767568737520088,1
Vessel & Texture,5,148_0.jpg,148,1,0.835395073800075,1
Vessel & Texture,5,148_1.jpg,148,1,0.835395073800075,1
Vessel & Texture,5,148_2.jpg,148,1,0.7851717243815511,1
Vessel & Texture,5,148_3.jpg,148,1,0.9016718500135004,1
Vessel & Texture,5,167_0.jpg,167,1,0.7685529331812689,1
Vessel & Texture,5,167_1.jpg,167,1,0.7837553474405132,1
Vessel & Texture,5,176_0.jpg,176,1,0.8760509392483214,1
Vessel & Texture,5,176_1.jpg,176,1,0.8427929926786117,1
Vessel & Texture,5,176_2.jpg,176,1,0.9158158360926614,1
Vessel & Texture,5,180_0.jpg,180,1,0.7160383925947406,1
Vessel & Texture,5,180_1.jpg,180,1,0.7717387845805349,1
Vessel & Texture,5,180_2.jpg,180,1,0.8647998418117431,1
Vessel & Texture,5,180_3.jpg,180,1,0.7024383626648287,1
Vessel & Texture,5,180_4.jpg,180,1,0.7326605935026099,1
Vessel & Texture,5,180_5.jpg,180,1,0.8086942573109028,1
Vessel & Texture,5,186_0.jpg,186,1,0.7912564638555689,1
Vessel & Texture,5,186_1.jpg,186,1,0.6905946678019488,1
Vessel & Texture,5,186_2.jpg,186,1,0.7017543072210393,1
Vessel & Texture,5,18_0.jpg,18,1,0.745410310980521,1
Vessel & Texture,5,18_1.jpg,18,1,0.738616240548235,1
Vessel & Texture,5,18_2.jpg,18,1,0.6279229113045964,1
Vessel & Texture,5,18_3.jpg,18,1,0.8980201486573525,1
Vessel & Texture,5,18_4.jpg,18,1,0.7117650567386582,1
Vessel & Texture,5,20_0.jpg,20,1,0.7698704506376706,1
Vessel & Texture,5,20_1.jpg,20,1,0.8542724693884247,1
Vessel & Texture,5,22_0.jpg,22,1,0.8036174449238922,1
Vessel & Texture,5,22_1.jpg,22,1,0.6644820668516056,1
Vessel & Texture,5,30_0.jpg,30,1,0.8382058429755428,1
Vessel & Texture,5,31_0.jpg,31,1,0.8013803347964634,1
Vessel & Texture,5,31_1.jpg,31,1,0.9301945777101508,1
Vessel & Texture,5,31_2.jpg,31,1,0.6608858290955913,1
Vessel & Texture,5,31_3.jpg,31,1,0.9054982391135608,1
Vessel & Texture,5,31_4.jpg,31,1,0.7573185517425033,1
Vessel & Texture,5,31_5.jpg,31,1,0.5000242005215584,1
Vessel & Texture,5,31_6.jpg,31,1,0.7612346896063406,1
Vessel & Texture,5,34_0.jpg,34,1,0.7482717079272774,1
Vessel & Texture,5,34_1.jpg,34,1,0.8378488299918065,1
Vessel & Texture,5,34_2.jpg,34,1,0.8619994595886042,1
Vessel & Texture,5,34_3.jpg,34,1,0.6966662299238459,1
Vessel & Texture,5,41_0.jpg,41,1,0.8392102151783639,1
Vessel & Texture,5,43_0.jpg,43,1,0.9164272863743044,1
Vessel & Texture,5,43_1.jpg,43,1,0.9213664264346423,1
Vessel & Texture,5,43_2.jpg,43,1,0.8429116387065574,1
Vessel & Texture,5,43_3.jpg,43,1,0.8595770995188201,1
Vessel & Texture,5,46_0.jpg,46,1,0.9221539782925149,1
Vessel & Texture,5,46_1.jpg,46,1,0.9406338635252236,1
Vessel & Texture,5,54_0.jpg,54,1,0.7892239146210065,1
Vessel & Texture,5,54_1.jpg,54,1,0.958173267197385,1
Vessel & Texture,5,54_2.jpg,54,1,0.9286516042476443,1
Vessel & Texture,5,54_3.jpg,54,1,0.7165449291841978,1
Vessel & Texture,5,55_0.jpg,55,1,0.8447004765121447,1
Vessel & Texture,5,55_1.jpg,55,1,0.7819852564214187,1
Vessel & Texture,5,55_2.jpg,55,1,0.8545697687682441,1
Vessel & Texture,5,55_3.jpg,55,1,0.5648128582206217,1
Vessel & Texture,5,55_4.jpg,55,1,0.7669685878743633,1
Vessel & Texture,5,57_0.jpg,57,1,0.7723728261037707,1
Vessel & Texture,5,57_1.jpg,57,1,0.880407345354279,1
Vessel & Texture,5,57_2.jpg,57,1,0.8913347276787152,1
Vessel & Texture,5,5_0.jpg,5,1,0.8952801261770162,1
Vessel & Texture,5,5_1.jpg,5,1,0.9253516310359922,1
Vessel & Texture,5,67_0.jpg,67,1,0.5652022216325754,1
Vessel & Texture,5,78_0.jpg,78,1,0.7640980506233888,1
Vessel & Texture,5,78_1.jpg,78,1,0.7143495195177827,1
Vessel & Texture,5,86_0.jpg,86,1,0.7868297942104487,1
Vessel & Texture,5,86_1.jpg,86,1,0.7868297942104487,1
Vessel & Texture,5,88_0.jpg,88,1,0.6889169380133918,1
Vessel & Texture,5,89_0.jpg,89,1,0.8400104832024169,1
Vessel & Texture,5,97_0.jpg,97,1,0.7838501739650083,1
Vessel & Texture,5,98_0.jpg,98,1,0.888949417101353,1
All three,1,195_0.jpg,195,0,0.511998735858337,1
All three,1,195_1.jpg,195,0,0.8410970207755111,1
All three,1,195_2.jpg,195,0,0.16106906739636567,0
All three,1,196_0.jpg,196,0,0.1377397619228618,0
All three,1,197_0.jpg,197,0,0.2388970149258725,0
All three,1,202_0.jpg,202,0,0.5754548590479903,1
All three,1,202_1.jpg,202,0,0.062088073250951156,0
All three,1,205_0.jpg,205,0,0.33591997213708474,0
All three,1,205_1.jpg,205,0,0.17139328437767987,0
All three,1,213_0.jpg,213,0,0.28147202460292703,0
All three,1,216_0.jpg,216,0,0.7997536065848722,1
All three,1,218_0.jpg,218,0,0.7313414776087189,1
All three,1,223_0.jpg,223,0,0.3429998885900919,0
All three,1,223_1.jpg,223,0,0.09078962958096289,0
All three,1,223_2.jpg,223,0,0.3663126501488015,0
All three,1,227_0.jpg,227,0,0.13733008698355603,0
All three,1,227_1.jpg,227,0,0.8574169061142481,1
All three,1,227_2.jpg,227,0,0.9186897249372133,1
All three,1,227_3.jpg,227,0,0.8139825380449879,1
All three,1,227_4.jpg,227,0,0.8327698833144975,1
All three,1,230_0.jpg,230,0,0.32724237133496187,0
All three,1,230_1.jpg,230,0,0.14674528591730915,0
All three,1,234_0.jpg,234,0,0.8488388417833252,1
All three,1,234_1.jpg,234,0,0.7897949428667377,1
All three,1,239_0.jpg,239,0,0.35696415597851106,0
All three,1,239_1.jpg,239,0,0.14135632546709417,0
All three,1,241_0.jpg,241,0,0.13789798044030482,0
All three,1,241_1.jpg,241,0,0.5654332886762378,1
All three,1,241_2.jpg,241,0,0.22639591646676716,0
All three,1,242_0.jpg,242,0,0.061057153993509895,0
All three,1,244_0.jpg,244,0,0.8627678223665081,1
All three,1,244_1.jpg,244,0,0.16679786037092423,0
All three,1,246_0.jpg,246,0,0.20231140833181477,0
All three,1,273_0.jpg,273,0,0.20826451857142605,0
All three,1,276_0.jpg,276,0,0.7988079751308921,1
All three,1,276_1.jpg,276,0,0.0873518374692404,0
All three,1,276_2.jpg,276,0,0.08124667843649601,0
All three,1,283_0.jpg,283,0,0.940611216848164,1
All three,1,283_1.jpg,283,0,0.17185092498107643,0
All three,1,286_0.jpg,286,0,0.37374023877646584,0
All three,1,286_1.jpg,286,0,0.28061206307716435,0
All three,1,0_0.jpg,0,1,0.7746341527767854,1
All three,1,100_0.jpg,100,1,0.13314696604540546,0
All three,1,100_1.jpg,100,1,0.8220944271097328,1
All three,1,100_2.jpg,100,1,0.9057833148761041,1
All three,1,100_3.jpg,100,1,0.8629125536098808,1
All three,1,100_4.jpg,100,1,0.8559926352711232,1
All three,1,100_5.jpg,100,1,0.2360021138423397,0
All three,1,100_6.jpg,100,1,0.8894994225699784,1
All three,1,100_7.jpg,100,1,0.8664799567516058,1
All three,1,100_8.jpg,100,1,0.8626993768458848,1
All three,1,100_9.jpg,100,1,0.8194046536782813,1
All three,1,102_0.jpg,102,1,0.8060180327029586,1
All three,1,102_1.jpg,102,1,0.9360797281205759,1
All three,1,108_0.jpg,108,1,0.8288469480443851,1
All three,1,108_1.jpg,108,1,0.6737913868915137,1
All three,1,108_2.jpg,108,1,0.7517186652939766,1
All three,1,108_3.jpg,108,1,0.8211601698652673,1
All three,1,108_4.jpg,108,1,0.7464108982037517,1
All three,1,112_0.jpg,112,1,0.9260711004475835,1
All three,1,112_1.jpg,112,1,0.8214347728012308,1
All three,1,112_2.jpg,112,1,0.8969887448311575,1
All three,1,113_0.jpg,113,1,0.9099765842957264,1
All three,1,114_0.jpg,114,1,0.8410638282749868,1
All three,1,114_1.jpg,114,1,0.637380845794994,1
All three,1,114_2.jpg,114,1,0.9364682622999149,1
All three,1,117_0.jpg,117,1,0.7119996294804511,1
All three,1,137_0.jpg,137,1,0.8043508248342383,1
All three,1,138_0.jpg,138,1,0.6773445311306557,1
All three,1,138_1.jpg,138,1,0.8576485621599662,1
All three,1,138_2.jpg,138,1,0.863440650705855,1
All three,1,139_0.jpg,139,1,0.7863572132130611,1
All three,1,139_1.jpg,139,1,0.7990819462612317,1
All three,1,139_2.jpg,139,1,0.8992442597178951,1
All three,1,143_0.jpg,143,1,0.9411149673427208,1
All three,1,143_1.jpg,143,1,0.8467777026507131,1
All three,1,143_2.jpg,143,1,0.9014609082716025,1
All three,1,143_3.jpg,143,1,0.9071222611513448,1
All three,1,143_4.jpg,143,1,0.8857193442190808,1
All three,1,149_0.jpg,149,1,0.8693606092097294,1
All three,1,153_0.jpg,153,1,0.9078994215091092,1
All three,1,153_1.jpg,153,1,0.8536477481691022,1
All three,1,153_2.jpg,153,1,0.7030818142057497,1
All three,1,153_3.jpg,153,1,0.6286814004501988,1
All three,1,158_0.jpg,158,1,0.7429284139693136,1
All three,1,158_1.jpg,158,1,0.6690666492605412,1
All three,1,160_0.jpg,160,1,0.5820210326444336,1
All three,1,160_1.jpg,160,1,0.704932584072485,1
All three,1,161_0.jpg,161,1,0.8029062783161698,1
All three,1,165_0.jpg,165,1,0.7996510399906298,1
All three,1,165_1.jpg,165,1,0.8843573059367255,1
All three,1,165_2.jpg,165,1,0.8637699912060125,1
All three,1,175_0.jpg,175,1,0.865420854097392,1
All three,1,175_1.jpg,175,1,0.9301856952814452,1
All three,1,184_0.jpg,184,1,0.949907439111323,1
All three,1,184_1.jpg,184,1,0.8645275494587369,1
All three,1,23_0.jpg,23,1,0.3419614713698631,0
All three,1,23_1.jpg,23,1,0.35901838621577875,0
All three,1,26_0.jpg,26,1,0.942448330158404,1
All three,1,26_1.jpg,26,1,0.8314622720043916,1
All three,1,32_0.jpg,32,1,0.8782890922546258,1
All three,1,32_1.jpg,32,1,0.8109946900108198,1
All three,1,32_2.jpg,32,1,0.9016699757481489,1
All three,1,37_0.jpg,37,1,0.941595635426428,1
All three,1,50_0.jpg,50,1,0.8662046807340151,1
All three,1,50_1.jpg,50,1,0.7388581298127633,1
All three,1,50_2.jpg,50,1,0.9690697942556548,1
All three,1,62_0.jpg,62,1,0.9005036284953013,1
All three,1,62_1.jpg,62,1,0.8722674394268229,1
All three,1,62_2.jpg,62,1,0.8997720627399134,1
All three,1,62_3.jpg,62,1,0.8787220119391387,1
All three,1,62_4.jpg,62,1,0.9464605245337396,1
All three,1,62_5.jpg,62,1,0.8912835484024653,1
All three,1,63_0.jpg,63,1,0.884041070261502,1
All three,1,63_1.jpg,63,1,0.8652012161819107,1
All three,1,63_2.jpg,63,1,0.8286230024061649,1
All three,1,63_3.jpg,63,1,0.9279164495464266,1
All three,1,63_4.jpg,63,1,0.8258369073526288,1
All three,1,63_5.jpg,63,1,0.8787928936945135,1
All three,1,63_6.jpg,63,1,0.92083022499958,1
All three,1,64_0.jpg,64,1,0.9456784397718262,1
All three,1,64_1.jpg,64,1,0.8814997163948155,1
All three,1,64_2.jpg,64,1,0.8392000229208582,1
All three,1,64_3.jpg,64,1,0.8584673566444266,1
All three,1,64_4.jpg,64,1,0.8258213314857401,1
All three,1,73_0.jpg,73,1,0.6916905842368907,1
All three,1,73_1.jpg,73,1,0.633482041184412,1
All three,1,73_2.jpg,73,1,0.7101041866379435,1
All three,1,73_3.jpg,73,1,0.8267414133039721,1
All three,1,75_0.jpg,75,1,0.9068894212757401,1
All three,1,75_1.jpg,75,1,0.9145236855669344,1
All three,1,75_2.jpg,75,1,0.8906497376075445,1
All three,1,79_0.jpg,79,1,0.7628528455619139,1
All three,1,79_1.jpg,79,1,0.8836540175789723,1
All three,1,81_0.jpg,81,1,0.9630084805699964,1
All three,1,81_1.jpg,81,1,0.8809999527025623,1
All three,1,81_2.jpg,81,1,0.8541082870695961,1
All three,1,84_0.jpg,84,1,0.9068355568429318,1
All three,1,84_1.jpg,84,1,0.06667043831371226,0
All three,1,8_0.jpg,8,1,0.9052396069950903,1
All three,1,8_1.jpg,8,1,0.5854731066326824,1
All three,1,8_2.jpg,8,1,0.9493022558804326,1
All three,1,8_3.jpg,8,1,0.6523862379194426,1
All three,1,92_0.jpg,92,1,0.9245181859544312,1
All three,1,92_1.jpg,92,1,0.78106103961463,1
All three,1,94_0.jpg,94,1,0.8846240704539393,1
All three,1,94_1.jpg,94,1,0.8846240704539393,1
All three,1,94_2.jpg,94,1,0.842061282195314,1
All three,1,94_3.jpg,94,1,0.7325032646723865,1
All three,1,96_0.jpg,96,1,0.8236769476265264,1
All three,1,96_1.jpg,96,1,0.32186867014653586,0
All three,1,96_2.jpg,96,1,0.38757893101049956,0
All three,2,187_0.jpg,187,0,0.295675646742948,0
All three,2,192_0.jpg,192,0,0.31030807661947735,0
All three,2,192_1.jpg,192,0,0.22742832333421187,0
All three,2,198_0.jpg,198,0,0.23338357434870838,0
All three,2,204_0.jpg,204,0,0.1443911877520619,0
All three,2,204_1.jpg,204,0,0.17732090056312202,0
All three,2,206_0.jpg,206,0,0.8029935493139686,1
All three,2,209_0.jpg,209,0,0.20887419534380264,0
All three,2,215_0.jpg,215,0,0.8094996457671597,1
All three,2,215_1.jpg,215,0,0.8684729094059561,1
All three,2,215_2.jpg,215,0,0.753558952218002,1
All three,2,215_3.jpg,215,0,0.7855132350196316,1
All three,2,221_0.jpg,221,0,0.4358575928348945,0
All three,2,226_0.jpg,226,0,0.7320958026101672,1
All three,2,226_1.jpg,226,0,0.8583244062656898,1
All three,2,229_0.jpg,229,0,0.1465332679272182,0
All three,2,229_1.jpg,229,0,0.897289036224997,1
All three,2,233_0.jpg,233,0,0.28423866809139775,0
All three,2,236_0.jpg,236,0,0.6345179306682389,1
All three,2,240_0.jpg,240,0,0.2738919423389923,0
All three,2,240_1.jpg,240,0,0.5352411266367967,1
All three,2,240_2.jpg,240,0,0.2721092199723325,0
All three,2,243_0.jpg,243,0,0.7430340759882925,1
All three,2,243_1.jpg,243,0,0.8686086065582477,1
All three,2,248_0.jpg,248,0,0.7735518840611492,1
All three,2,260_0.jpg,260,0,0.4242149106609542,0
All three,2,266_0.jpg,266,0,0.8359044341482644,1
All three,2,271_0.jpg,271,0,0.2888703636176504,0
All three,2,272_0.jpg,272,0,0.49159389971136686,0
All three,2,272_1.jpg,272,0,0.20266187142251899,0
All three,2,275_0.jpg,275,0,0.8701345108339907,1
All three,2,275_1.jpg,275,0,0.721596907831436,1
All three,2,275_2.jpg,275,0,0.19009227150085858,0
All three,2,277_0.jpg,277,0,0.5834462643243061,1
All three,2,277_1.jpg,277,0,0.7644410721072379,1
All three,2,277_2.jpg,277,0,0.8301988897384518,1
All three,2,103_0.jpg,103,1,0.8180991237123924,1
All three,2,103_1.jpg,103,1,0.8106286142536113,1
All three,2,106_0.jpg,106,1,0.8591144667887363,1
All three,2,111_0.jpg,111,1,0.7722130689742375,1
All three,2,115_0.jpg,115,1,0.7845750094773115,1
All three,2,115_1.jpg,115,1,0.9541001966553786,1
All three,2,116_0.jpg,116,1,0.9210000655290176,1
All three,2,116_1.jpg,116,1,0.8580930179014028,1
All three,2,119_0.jpg,119,1,0.9525985041979865,1
All three,2,119_1.jpg,119,1,0.8661997343815105,1
All three,2,126_0.jpg,126,1,0.7189414317717506,1
All three,2,126_1.jpg,126,1,0.7906435184565349,1
All three,2,130_0.jpg,130,1,0.7935057199282057,1
All three,2,132_0.jpg,132,1,0.49943745246295584,0
All three,2,132_1.jpg,132,1,0.8952888212447974,1
All three,2,145_0.jpg,145,1,0.8243790259838191,1
All three,2,145_1.jpg,145,1,0.9134106559365819,1
All three,2,145_2.jpg,145,1,0.8503420185174895,1
All three,2,150_0.jpg,150,1,0.7644952361870532,1
All three,2,150_1.jpg,150,1,0.8436271189212547,1
All three,2,150_10.jpg,150,1,0.8537247434793896,1
All three,2,150_11.jpg,150,1,0.8078712063021777,1
All three,2,150_12.jpg,150,1,0.781612296741391,1
All three,2,150_13.jpg,150,1,0.7026962798099085,1
All three,2,150_2.jpg,150,1,0.7819390598687184,1
All three,2,150_3.jpg,150,1,0.6750530200311795,1
All three,2,150_4.jpg,150,1,0.7768925037007378,1
All three,2,150_5.jpg,150,1,0.9170746932043501,1
All three,2,150_6.jpg,150,1,0.7697619407961863,1
All three,2,150_7.jpg,150,1,0.8766215353983401,1
All three,2,150_8.jpg,150,1,0.8204900022794278,1
All three,2,150_9.jpg,150,1,0.7993018321652174,1
All three,2,151_0.jpg,151,1,0.8819816009063937,1
All three,2,151_1.jpg,151,1,0.8573002314063812,1
All three,2,151_2.jpg,151,1,0.9200212977240753,1
All three,2,151_3.jpg,151,1,0.8771256499126391,1
All three,2,151_4.jpg,151,1,0.9217372220670325,1
All three,2,156_0.jpg,156,1,0.6749237228974841,1
All three,2,157_0.jpg,157,1,0.8802993346492555,1
All three,2,157_1.jpg,157,1,0.8229421067075616,1
All three,2,157_2.jpg,157,1,0.8352837583762553,1
All three,2,157_3.jpg,157,1,0.8672823457502226,1
All three,2,162_0.jpg,162,1,0.8582674607689295,1
All three,2,162_1.jpg,162,1,0.7204383877012732,1
All three,2,164_0.jpg,164,1,0.6638368027976089,1
All three,2,164_1.jpg,164,1,0.7762296377451573,1
All three,2,164_2.jpg,164,1,0.7628416913681743,1
All three,2,164_3.jpg,164,1,0.7700734540576029,1
All three,2,168_0.jpg,168,1,0.7261848906766787,1
All three,2,168_1.jpg,168,1,0.6686975570173942,1
All three,2,168_2.jpg,168,1,0.8539302176802782,1
All three,2,169_0.jpg,169,1,0.4148413445778566,0
All three,2,169_1.jpg,169,1,0.474491831853923,0
All three,2,169_2.jpg,169,1,0.639113088243026,1
All three,2,169_3.jpg,169,1,0.7372886068635414,1
All three,2,173_0.jpg,173,1,0.8239250152179429,1
All three,2,177_0.jpg,177,1,0.8331465961930787,1
All three,2,177_1.jpg,177,1,0.8346739502814963,1
All three,2,177_2.jpg,177,1,0.7825975351644777,1
All three,2,181_0.jpg,181,1,0.5107153613353241,1
All three,2,181_1.jpg,181,1,0.8175451267133592,1
All three,2,185_0.jpg,185,1,0.8964297858046899,1
All three,2,185_1.jpg,185,1,0.7774982011164332,1
All three,2,185_2.jpg,185,1,0.8555196024545759,1
All three,2,19_0.jpg,19,1,0.8918729700480447,1
All three,2,24_0.jpg,24,1,0.8338394849806652,1
All three,2,29_0.jpg,29,1,0.9626279962381783,1
All three,2,29_1.jpg,29,1,0.8527193674492611,1
All three,2,29_2.jpg,29,1,0.8850858615447416,1
All three,2,35_0.jpg,35,1,0.8297349375043969,1
All three,2,35_1.jpg,35,1,0.8370614805272747,1
All three,2,52_0.jpg,52,1,0.9286641157704224,1
All three,2,52_1.jpg,52,1,0.869937264564663,1
All three,2,58_0.jpg,58,1,0.9337634386501619,1
All three,2,58_1.jpg,58,1,0.8852451447356606,1
All three,2,58_2.jpg,58,1,0.9141429981781373,1
All three,2,59_0.jpg,59,1,0.7369668372905032,1
All three,2,59_1.jpg,59,1,0.8196990298058355,1
All three,2,61_0.jpg,61,1,0.821085840790113,1
All three,2,61_1.jpg,61,1,0.830662102147161,1
All three,2,61_2.jpg,61,1,0.9679596021947148,1
All three,2,61_3.jpg,61,1,0.7982381348227353,1
All three,2,61_4.jpg,61,1,0.8403151840575163,1
All three,2,68_0.jpg,68,1,0.7675396565268775,1
All three,2,68_1.jpg,68,1,0.9117901629933332,1
All three,2,6_0.jpg,6,1,0.8143999243008195,1
All three,2,6_1.jpg,6,1,0.7610415915517305,1
All three,2,71_0.jpg,71,1,0.6874764627469301,1
All three,2,71_1.jpg,71,1,0.7888345707736429,1
All three,2,85_0.jpg,85,1,0.8562369942010499,1
All three,2,87_0.jpg,87,1,0.8672480323159496,1
All three,2,87_1.jpg,87,1,0.8722728143897147,1
All three,2,87_2.jpg,87,1,0.9066762982202379,1
All three,2,87_3.jpg,87,1,0.6981075880489918,1
All three,2,87_4.jpg,87,1,0.9423782214169323,1
All three,2,87_5.jpg,87,1,0.8912035902447719,1
All three,2,87_6.jpg,87,1,0.8776585213136474,1
All three,2,90_0.jpg,90,1,0.9189632187716,1
All three,2,93_0.jpg,93,1,0.8455047551444637,1
All three,2,93_1.jpg,93,1,0.8243626607051984,1
All three,3,190_0.jpg,190,0,0.1853964904746138,0
All three,3,191_0.jpg,191,0,0.7376167070879991,1
All three,3,191_1.jpg,191,0,0.6824024527659291,1
All three,3,194_0.jpg,194,0,0.13347207296262426,0
All three,3,194_1.jpg,194,0,0.528723734138792,1
All three,3,208_0.jpg,208,0,0.9354346865713445,1
All three,3,208_1.jpg,208,0,0.8720017713343783,1
All three,3,211_0.jpg,211,0,0.2686244105965716,0
All three,3,211_1.jpg,211,0,0.3348340760914274,0
All three,3,211_2.jpg,211,0,0.14486737749462575,0
All three,3,220_0.jpg,220,0,0.7511721407077809,1
All three,3,220_1.jpg,220,0,0.6408997354314309,1
All three,3,231_0.jpg,231,0,0.7676063063214478,1
All three,3,231_1.jpg,231,0,0.9283675305277012,1
All three,3,238_0.jpg,238,0,0.6846387077561704,1
All three,3,238_1.jpg,238,0,0.3966776674365491,0
All three,3,250_0.jpg,250,0,0.6747958385915911,1
All three,3,250_1.jpg,250,0,0.848158849071944,1
All three,3,252_0.jpg,252,0,0.5218064972911237,1
All three,3,252_1.jpg,252,0,0.2968929826533994,0
All three,3,253_0.jpg,253,0,0.7707380447727722,1
All three,3,253_1.jpg,253,0,0.8870323023041544,1
All three,3,253_2.jpg,253,0,0.8985031773663062,1
All three,3,255_0.jpg,255,0,0.2840113642676355,0
All three,3,255_1.jpg,255,0,0.6590005198742129,1
All three,3,255_2.jpg,255,0,0.348572734347046,0
All three,3,257_0.jpg,257,0,0.3044687581123258,0
All three,3,257_1.jpg,257,0,0.3324691843821946,0
All three,3,261_0.jpg,261,0,0.8710815566759468,1
All three,3,261_1.jpg,261,0,0.26862171648565236,0
All three,3,262_0.jpg,262,0,0.5725999768348525,1
All three,3,264_0.jpg,264,0,0.19102532186199275,0
All three,3,268_0.jpg,268,0,0.29180163417638666,0
All three,3,274_0.jpg,274,0,0.4741648982347631,0
All three,3,284_0.jpg,284,0,0.18817211853666438,0
All three,3,284_1.jpg,284,0,0.1031740104121383,0
All three,3,288_0.jpg,288,0,0.1846878799651041,0
All three,3,105_0.jpg,105,1,0.7242568058517403,1
All three,3,105_1.jpg,105,1,0.9303608137344619,1
All three,3,107_0.jpg,107,1,0.7889398887948879,1
All three,3,107_1.jpg,107,1,0.8604055814690517,1
All three,3,107_2.jpg,107,1,0.8190517759019212,1
All three,3,10_0.jpg,10,1,0.9368297294027608,1
All three,3,10_1.jpg,10,1,0.8583532269029517,1
All three,3,10_2.jpg,10,1,0.9286462657280258,1
All three,3,122_0.jpg,122,1,0.832443550313884,1
All three,3,122_1.jpg,122,1,0.7375320218281096,1
All three,3,125_0.jpg,125,1,0.8157699285169803,1
All three,3,12_0.jpg,12,1,0.8489706982834637,1
All three,3,12_1.jpg,12,1,0.7248414910718679,1
All three,3,12_2.jpg,12,1,0.8736668098670551,1
All three,3,12_3.jpg,12,1,0.8620905274625161,1
All three,3,12_4.jpg,12,1,0.8246124407828143,1
All three,3,131_0.jpg,131,1,0.8338042777884652,1
All three,3,134_0.jpg,134,1,0.9104965867050179,1
All three,3,134_1.jpg,134,1,0.820139990108599,1
All three,3,141_0.jpg,141,1,0.9098069123248171,1
All three,3,141_1.jpg,141,1,0.9357372819239552,1
All three,3,141_2.jpg,141,1,0.890090871020671,1
All three,3,141_3.jpg,141,1,0.9053486569506197,1
All three,3,141_4.jpg,141,1,0.8885831779778235,1
All three,3,141_5.jpg,141,1,0.8732216571161593,1
All three,3,141_6.jpg,141,1,0.8758760098204506,1
All three,3,144_0.jpg,144,1,0.7716526731727583,1
All three,3,144_1.jpg,144,1,0.3238138229322151,0
All three,3,144_2.jpg,144,1,0.6550973940196194,1
All three,3,144_3.jpg,144,1,0.6102614947720051,1
All three,3,14_0.jpg,14,1,0.9493881462249257,1
All three,3,14_1.jpg,14,1,0.9392281214498037,1
All three,3,166_0.jpg,166,1,0.92788047205994,1
All three,3,166_1.jpg,166,1,0.4051245896997903,0
All three,3,166_2.jpg,166,1,0.9771838596920643,1
All three,3,16_0.jpg,16,1,0.8445611023275663,1
All three,3,16_1.jpg,16,1,0.7846128244547139,1
All three,3,16_2.jpg,16,1,0.7902360210653743,1
All three,3,16_3.jpg,16,1,0.7025160111473128,1
All three,3,16_4.jpg,16,1,0.6468972835582825,1
All three,3,171_0.jpg,171,1,0.6629623748400063,1
All three,3,172_0.jpg,172,1,0.980780597413625,1
All three,3,172_1.jpg,172,1,0.9063540187531076,1
All three,3,172_2.jpg,172,1,0.9490004314269123,1
All three,3,172_3.jpg,172,1,0.9159989533706401,1
All three,3,174_0.jpg,174,1,0.9232765359595647,1
All three,3,178_0.jpg,178,1,0.7617499869717744,1
All three,3,179_0.jpg,179,1,0.8548942596847564,1
All three,3,179_1.jpg,179,1,0.8103890323961402,1
All three,3,179_2.jpg,179,1,0.7996320603993216,1
All three,3,1_0.jpg,1,1,0.8348214955537137,1
All three,3,1_1.jpg,1,1,0.856125522279779,1
All three,3,21_0.jpg,21,1,0.745326662920712,1
All three,3,21_1.jpg,21,1,0.8094347514171626,1
All three,3,25_0.jpg,25,1,0.7097628062605037,1
All three,3,25_1.jpg,25,1,0.7975265589290288,1
All three,3,28_0.jpg,28,1,0.9445399920075404,1
All three,3,28_1.jpg,28,1,0.9565179589958487,1
All three,3,28_2.jpg,28,1,0.8952963492250636,1
All three,3,28_3.jpg,28,1,0.9522329507643776,1
All three,3,38_0.jpg,38,1,0.6787321432498702,1
All three,3,39_0.jpg,39,1,0.838912905369551,1
All three,3,39_1.jpg,39,1,0.8878405863554266,1
All three,3,39_2.jpg,39,1,0.8265791395897376,1
All three,3,39_3.jpg,39,1,0.7634529471312177,1
All three,3,44_0.jpg,44,1,0.8541935383586605,1
All three,3,44_1.jpg,44,1,0.9668213600060834,1
All three,3,44_2.jpg,44,1,0.9777529457687999,1
All three,3,44_3.jpg,44,1,0.9828236564832598,1
All three,3,44_4.jpg,44,1,0.8919911688773022,1
All three,3,44_5.jpg,44,1,0.2976513770601691,0
All three,3,44_6.jpg,44,1,0.9300725795874054,1
All three,3,47_0.jpg,47,1,0.9000514439060138,1
All three,3,47_1.jpg,47,1,0.8417069195318894,1
All three,3,47_2.jpg,47,1,0.9059964453456497,1
All three,3,47_3.jpg,47,1,0.9128250576316124,1
All three,3,47_4.jpg,47,1,0.8692803579119137,1
All three,3,47_5.jpg,47,1,0.9507732856428038,1
All three,3,47_6.jpg,47,1,0.8786223301645418,1
All three,3,47_7.jpg,47,1,0.9250545884499517,1
All three,3,48_0.jpg,48,1,0.8584672986638,1
All three,3,4_0.jpg,4,1,0.8511488857452911,1
All three,3,51_0.jpg,51,1,0.8464752796951514,1
All three,3,53_0.jpg,53,1,0.9377311403618386,1
All three,3,53_1.jpg,53,1,0.8289708179788691,1
All three,3,53_2.jpg,53,1,0.9689966467629746,1
All three,3,53_3.jpg,53,1,0.7909285970125529,1
All three,3,53_4.jpg,53,1,0.8661909254865263,1
All three,3,60_0.jpg,60,1,0.7543464649604045,1
All three,3,69_0.jpg,69,1,0.7922597840104355,1
All three,3,69_1.jpg,69,1,0.7304743118765473,1
All three,3,72_0.jpg,72,1,0.8872434514539208,1
All three,3,72_1.jpg,72,1,0.889403556691237,1
All three,3,72_2.jpg,72,1,0.929786564921719,1
All three,3,72_3.jpg,72,1,0.8462061920915426,1
All three,3,76_0.jpg,76,1,0.8906315055302264,1
All three,3,76_1.jpg,76,1,0.8455485299711255,1
All three,3,80_0.jpg,80,1,0.9548726461430528,1
All three,3,80_1.jpg,80,1,0.8604853869357334,1
All three,3,80_2.jpg,80,1,0.990742455621458,1
All three,3,82_0.jpg,82,1,0.8298747138579816,1
All three,3,82_1.jpg,82,1,0.9616497893879834,1
All three,3,83_0.jpg,83,1,0.8689722221954702,1
All three,3,83_1.jpg,83,1,0.8799278949613302,1
All three,3,9_0.jpg,9,1,0.6944472270947254,1
All three,3,9_1.jpg,9,1,0.7549276566072541,1
All three,4,188_0.jpg,188,0,0.7201864419894412,1
All three,4,188_1.jpg,188,0,0.49532434478919846,0
All three,4,189_0.jpg,189,0,0.90172308121597,1
All three,4,189_1.jpg,189,0,0.5942639385788784,1
All three,4,189_2.jpg,189,0,0.26189186085966265,0
All three,4,201_0.jpg,201,0,0.6899262319244716,1
All three,4,201_1.jpg,201,0,0.7601384571711488,1
All three,4,203_0.jpg,203,0,0.459639022901962,0
All three,4,203_1.jpg,203,0,0.6813989619137034,1
All three,4,210_0.jpg,210,0,0.7040781707828943,1
All three,4,214_0.jpg,214,0,0.7495497322722363,1
All three,4,214_1.jpg,214,0,0.27871633368524207,0
All three,4,214_2.jpg,214,0,0.837428710089801,1
All three,4,214_3.jpg,214,0,0.16501913830706766,0
All three,4,222_0.jpg,222,0,0.5982087667790075,1
All three,4,222_1.jpg,222,0,0.14235198159498053,0
All three,4,224_0.jpg,224,0,0.602204361407653,1
All three,4,224_1.jpg,224,0,0.21698100781476318,0
All three,4,224_2.jpg,224,0,0.6132438299014512,1
All three,4,224_3.jpg,224,0,0.30118117858543736,0
All three,4,225_0.jpg,225,0,0.14095402802293983,0
All three,4,225_1.jpg,225,0,0.3084658522990021,0
All three,4,232_0.jpg,232,0,0.20252550304807884,0
All three,4,237_0.jpg,237,0,0.8560077359417919,1
All three,4,237_1.jpg,237,0,0.6291136718848234,1
All three,4,245_0.jpg,245,0,0.14871324442644618,0
All three,4,245_1.jpg,245,0,0.9022076669699005,1
All three,4,245_2.jpg,245,0,0.20209813397058152,0
All three,4,247_0.jpg,247,0,0.5522982218221687,1
All three,4,247_1.jpg,247,0,0.4030695704085975,0
All three,4,254_0.jpg,254,0,0.27156108817777774,0
All three,4,256_0.jpg,256,0,0.13597719522832033,0
All three,4,256_1.jpg,256,0,0.2078469701775687,0
All three,4,259_0.jpg,259,0,0.1576748059375384,0
All three,4,259_1.jpg,259,0,0.7252895257156957,1
All three,4,259_2.jpg,259,0,0.6282289209297892,1
All three,4,259_3.jpg,259,0,0.7777857109845863,1
All three,4,259_4.jpg,259,0,0.7437604678976842,1
All three,4,259_5.jpg,259,0,0.31690641068245745,0
All three,4,265_0.jpg,265,0,0.36100076721420066,0
All three,4,265_1.jpg,265,0,0.20130922805607415,0
All three,4,269_0.jpg,269,0,0.48948107721353623,0
All three,4,269_1.jpg,269,0,0.24128436382270885,0
All three,4,280_0.jpg,280,0,0.14071576525992227,0
All three,4,280_1.jpg,280,0,0.8748438976214186,1
All three,4,285_0.jpg,285,0,0.5593702639083096,1
All three,4,101_0.jpg,101,1,0.8704736886206671,1
All three,4,109_0.jpg,109,1,0.7691200877868222,1
All three,4,109_1.jpg,109,1,0.6383310096545186,1
All three,4,109_2.jpg,109,1,0.8385230792732472,1
All three,4,109_3.jpg,109,1,0.6012444840273169,1
All three,4,109_4.jpg,109,1,0.902061408949197,1
All three,4,110_0.jpg,110,1,0.7349328841232972,1
All three,4,110_1.jpg,110,1,0.8796590670113023,1
All three,4,110_2.jpg,110,1,0.9594594964896577,1
All three,4,121_0.jpg,121,1,0.7426820372440038,1
All three,4,121_1.jpg,121,1,0.7353874725483142,1
All three,4,121_2.jpg,121,1,0.8056750908250916,1
All three,4,124_0.jpg,124,1,0.6891996863313034,1
All three,4,127_0.jpg,127,1,0.8550514166525001,1
All three,4,128_0.jpg,128,1,0.34300405256250216,0
All three,4,133_0.jpg,133,1,0.9150451537638691,1
All three,4,136_0.jpg,136,1,0.7608074571742209,1
All three,4,136_1.jpg,136,1,0.7857235902899815,1
All three,4,152_0.jpg,152,1,0.8189838271358727,1
All three,4,154_0.jpg,154,1,0.7621143636826413,1
All three,4,154_1.jpg,154,1,0.7623230987345534,1
All three,4,154_2.jpg,154,1,0.9283765111260682,1
All three,4,154_3.jpg,154,1,0.6706184730532461,1
All three,4,154_4.jpg,154,1,0.960787796852216,1
All three,4,154_5.jpg,154,1,0.7672621443379616,1
All three,4,155_0.jpg,155,1,0.8916776792136842,1
All three,4,155_1.jpg,155,1,0.9169518690926171,1
All three,4,155_2.jpg,155,1,0.5864507681248239,1
All three,4,155_3.jpg,155,1,0.8888932018887459,1
All three,4,159_0.jpg,159,1,0.8296676078829719,1
All three,4,159_1.jpg,159,1,0.6872240938561477,1
All three,4,15_0.jpg,15,1,0.7518374281684133,1
All three,4,163_0.jpg,163,1,0.8549831985853846,1
All three,4,163_1.jpg,163,1,0.808068783763633,1
All three,4,163_2.jpg,163,1,0.8953703984678136,1
All three,4,163_3.jpg,163,1,0.9702929221224714,1
All three,4,163_4.jpg,163,1,0.870128764154222,1
All three,4,170_0.jpg,170,1,0.8018171902439515,1
All three,4,170_1.jpg,170,1,0.5502409366224279,1
All three,4,170_2.jpg,170,1,0.7930759169093201,1
All three,4,170_3.jpg,170,1,0.4398422963450339,0
All three,4,170_4.jpg,170,1,0.7693510993530396,1
All three,4,170_5.jpg,170,1,0.6374299111546529,1
All three,4,17_0.jpg,17,1,0.8647777390623392,1
All three,4,17_1.jpg,17,1,0.7151935699701824,1
All three,4,17_2.jpg,17,1,0.8827120130594653,1
All three,4,17_3.jpg,17,1,0.6741455909628106,1
All three,4,17_4.jpg,17,1,0.6546210938550078,1
All three,4,17_5.jpg,17,1,0.7344961778480422,1
All three,4,183_0.jpg,183,1,0.8830056501354355,1
All three,4,183_1.jpg,183,1,0.6978595054824999,1
All three,4,183_2.jpg,183,1,0.8856384847727626,1
All three,4,183_3.jpg,183,1,0.8475816039634281,1
All three,4,183_4.jpg,183,1,0.9001497295798981,1
All three,4,183_5.jpg,183,1,0.8829734400798628,1
All three,4,183_6.jpg,183,1,0.8287936794651739,1
All three,4,183_7.jpg,183,1,0.9468274245463353,1
All three,4,27_0.jpg,27,1,0.8605273834134803,1
All three,4,27_1.jpg,27,1,0.8878759311407771,1
All three,4,2_0.jpg,2,1,0.8700710518263335,1
All three,4,2_1.jpg,2,1,0.8772317333675332,1
All three,4,33_0.jpg,33,1,0.803599477466032,1
All three,4,33_1.jpg,33,1,0.9021706910629728,1
All three,4,36_0.jpg,36,1,0.9671581275104196,1
All three,4,36_1.jpg,36,1,0.4571156388366326,0
All three,4,36_10.jpg,36,1,0.9177388223253137,1
All three,4,36_11.jpg,36,1,0.4793884646239432,0
All three,4,36_2.jpg,36,1,0.9176006195303599,1
All three,4,36_3.jpg,36,1,0.4126040597813861,0
All three,4,36_4.jpg,36,1,0.8492472242618195,1
All three,4,36_5.jpg,36,1,0.4705269227649266,0
All three,4,36_6.jpg,36,1,0.9769590860440124,1
All three,4,36_7.jpg,36,1,0.4625960763299888,0
All three,4,36_8.jpg,36,1,0.9251143534210757,1
All three,4,36_9.jpg,36,1,0.663879528468905,1
All three,4,3_0.jpg,3,1,0.8490173870797427,1
All three,4,3_1.jpg,3,1,0.7940952812474594,1
All three,4,40_0.jpg,40,1,0.8554303906743206,1
All three,4,40_1.jpg,40,1,0.7426419946573108,1
All three,4,42_0.jpg,42,1,0.8106236515649867,1
All three,4,42_1.jpg,42,1,0.9427211279679417,1
All three,4,42_2.jpg,42,1,0.9409131016832915,1
All three,4,42_3.jpg,42,1,0.9347513773045943,1
All three,4,45_0.jpg,45,1,0.9261477134977144,1
All three,4,49_0.jpg,49,1,0.9040399823457202,1
All three,4,49_1.jpg,49,1,0.8897638253926161,1
All three,4,56_0.jpg,56,1,0.6653488947908807,1
All three,4,56_1.jpg,56,1,0.6653488947908807,1
All three,4,56_2.jpg,56,1,0.5868652805593526,1
All three,4,56_3.jpg,56,1,0.8461338807947617,1
All three,4,65_0.jpg,65,1,0.6751045454268811,1
All three,4,65_1.jpg,65,1,0.6775020139295209,1
All three,4,65_2.jpg,65,1,0.7074782878101068,1
All three,4,65_3.jpg,65,1,0.9021693119869302,1
All three,4,65_4.jpg,65,1,0.7979243416395083,1
All three,4,65_5.jpg,65,1,0.7349328841232972,1
All three,4,65_6.jpg,65,1,0.6004296023197897,1
All three,4,65_7.jpg,65,1,0.8116102906870287,1
All three,4,66_0.jpg,66,1,0.6667811867677019,1
All three,4,66_1.jpg,66,1,0.8015494601479068,1
All three,4,66_2.jpg,66,1,0.8047193215465899,1
All three,4,66_3.jpg,66,1,0.5819988059737576,1
All three,4,66_4.jpg,66,1,0.7253396813913183,1
All three,4,66_5.jpg,66,1,0.6094779271253583,1
All three,4,70_0.jpg,70,1,0.8700327856324455,1
All three,4,70_1.jpg,70,1,0.8891539244523353,1
All three,4,70_2.jpg,70,1,0.9264533170655902,1
All three,4,74_0.jpg,74,1,0.8859359422224639,1
All three,4,74_1.jpg,74,1,0.8102049075586715,1
All three,4,77_0.jpg,77,1,0.6313364270659604,1
All three,4,77_1.jpg,77,1,0.7006833346321285,1
All three,4,77_2.jpg,77,1,0.8970936081280929,1
All three,4,77_3.jpg,77,1,0.8988860318337005,1
All three,4,7_0.jpg,7,1,0.5483722848950254,1
All three,4,91_0.jpg,91,1,0.9169754491409587,1
All three,4,91_1.jpg,91,1,0.7342510325798013,1
All three,4,91_2.jpg,91,1,0.8762226189623474,1
All three,4,91_3.jpg,91,1,0.8645980837157485,1
All three,4,91_4.jpg,91,1,0.6905158900404209,1
All three,4,91_5.jpg,91,1,0.777705451721214,1
All three,4,91_6.jpg,91,1,0.9116619641741055,1
All three,4,91_7.jpg,91,1,0.7063939405026916,1
All three,4,95_0.jpg,95,1,0.8588238784661878,1
All three,4,95_1.jpg,95,1,0.908402440610844,1
All three,4,99_0.jpg,99,1,0.8330338909956693,1
All three,4,99_1.jpg,99,1,0.8733850655801707,1
All three,4,99_2.jpg,99,1,0.7321712491001461,1
All three,4,99_3.jpg,99,1,0.8974426038163208,1
All three,4,99_4.jpg,99,1,0.7120438485044613,1
All three,4,99_5.jpg,99,1,0.8064067243280145,1
All three,5,193_0.jpg,193,0,0.7904689508997285,1
All three,5,193_1.jpg,193,0,0.6579581172767145,1
All three,5,199_0.jpg,199,0,0.44636873058510346,0
All three,5,199_1.jpg,199,0,0.31439634382011294,0
All three,5,200_0.jpg,200,0,0.23734950340218947,0
All three,5,200_1.jpg,200,0,0.8026511472949679,1
All three,5,200_2.jpg,200,0,0.8468643735753681,1
All three,5,200_3.jpg,200,0,0.6446044886502501,1
All three,5,207_0.jpg,207,0,0.45115615509646156,0
All three,5,207_1.jpg,207,0,0.13750289706178362,0
All three,5,207_2.jpg,207,0,0.2973372979521817,0
All three,5,212_0.jpg,212,0,0.4223845028709449,0
All three,5,217_0.jpg,217,0,0.15826976419733646,0
All three,5,219_0.jpg,219,0,0.7130371124635139,1
All three,5,219_1.jpg,219,0,0.6282688182904951,1
All three,5,219_2.jpg,219,0,0.22365109651651363,0
All three,5,228_0.jpg,228,0,0.44408549385744295,0
All three,5,235_0.jpg,235,0,0.47847822517435773,0
All three,5,249_0.jpg,249,0,0.7405006685014968,1
All three,5,249_1.jpg,249,0,0.2015706484089722,0
All three,5,249_2.jpg,249,0,0.7549294916019551,1
All three,5,249_3.jpg,249,0,0.7852311341877454,1
All three,5,251_0.jpg,251,0,0.613193523493596,1
All three,5,258_0.jpg,258,0,0.3765064824653917,0
All three,5,258_1.jpg,258,0,0.16701501376844305,0
All three,5,263_0.jpg,263,0,0.7545210077336705,1
All three,5,267_0.jpg,267,0,0.1923953704163193,0
All three,5,270_0.jpg,270,0,0.15766364181458895,0
All three,5,270_1.jpg,270,0,0.2990457012689707,0
All three,5,278_0.jpg,278,0,0.7581165121056634,1
All three,5,278_1.jpg,278,0,0.759071217294685,1
All three,5,279_0.jpg,279,0,0.623468856011452,1
All three,5,279_1.jpg,279,0,0.2927895124068432,0
All three,5,281_0.jpg,281,0,0.7594263013144885,1
All three,5,281_1.jpg,281,0,0.44839736640513955,0
All three,5,282_0.jpg,282,0,0.32852311330592315,0
All three,5,282_1.jpg,282,0,0.37769134859084624,0
All three,5,287_0.jpg,287,0,0.7710758332867462,1
All three,5,287_1.jpg,287,0,0.7570126507825115,1
All three,5,104_0.jpg,104,1,0.8740316026144178,1
All three,5,104_1.jpg,104,1,0.8549152990597095,1
All three,5,104_2.jpg,104,1,0.9456935633144028,1
All three,5,104_3.jpg,104,1,0.8127253945992571,1
All three,5,104_4.jpg,104,1,0.8644906162412928,1
All three,5,104_5.jpg,104,1,0.847570789550581,1
All three,5,104_6.jpg,104,1,0.8951092792096813,1
All three,5,118_0.jpg,118,1,0.8795968691730199,1
All three,5,118_1.jpg,118,1,0.9336690675851255,1
All three,5,11_0.jpg,11,1,0.8489422126971062,1
All three,5,120_0.jpg,120,1,0.6742463212347105,1
All three,5,120_1.jpg,120,1,0.8152770646539078,1
All three,5,123_0.jpg,123,1,0.8960434082019592,1
All three,5,123_1.jpg,123,1,0.9297319848915868,1
All three,5,123_2.jpg,123,1,0.8841257361209162,1
All three,5,129_0.jpg,129,1,0.814509299832448,1
All three,5,129_1.jpg,129,1,0.9390754744734134,1
All three,5,129_2.jpg,129,1,0.8662027503561446,1
All three,5,135_0.jpg,135,1,0.9010444900445299,1
All three,5,135_1.jpg,135,1,0.8924872508852648,1
All three,5,135_2.jpg,135,1,0.7708479872236057,1
All three,5,135_3.jpg,135,1,0.7285866699603298,1
All three,5,135_4.jpg,135,1,0.7640341986332213,1
All three,5,13_0.jpg,13,1,0.798789847681829,1
All three,5,13_1.jpg,13,1,0.9001060224929567,1
All three,5,140_0.jpg,140,1,0.8286660497809705,1
All three,5,140_1.jpg,140,1,0.8403131448266491,1
All three,5,140_2.jpg,140,1,0.8605623435720803,1
All three,5,142_0.jpg,142,1,0.8686990543293872,1
All three,5,146_0.jpg,146,1,0.7534885050897314,1
All three,5,147_0.jpg,147,1,0.9001166305766933,1
All three,5,147_1.jpg,147,1,0.8201365607093785,1
All three,5,148_0.jpg,148,1,0.8290812731530204,1
All three,5,148_1.jpg,148,1,0.8290812731530204,1
All three,5,148_2.jpg,148,1,0.7273967196305949,1
All three,5,148_3.jpg,148,1,0.8343925526937938,1
All three,5,167_0.jpg,167,1,0.7683094399552758,1
All three,5,167_1.jpg,167,1,0.856897845170084,1
All three,5,176_0.jpg,176,1,0.820808304213546,1
All three,5,176_1.jpg,176,1,0.8506839742651243,1
All three,5,176_2.jpg,176,1,0.8828729127512748,1
All three,5,180_0.jpg,180,1,0.7027824788923528,1
All three,5,180_1.jpg,180,1,0.7598288261858873,1
All three,5,180_2.jpg,180,1,0.8749229188898613,1
All three,5,180_3.jpg,180,1,0.5979462272281221,1
All three,5,180_4.jpg,180,1,0.7247123000194289,1
All three,5,180_5.jpg,180,1,0.8055939757830207,1
All three,5,186_0.jpg,186,1,0.6491579592365515,1
All three,5,186_1.jpg,186,1,0.7205189562893218,1
All three,5,186_2.jpg,186,1,0.6990304175229027,1
All three,5,18_0.jpg,18,1,0.7181253774921101,1
All three,5,18_1.jpg,18,1,0.7538760392535794,1
All three,5,18_2.jpg,18,1,0.6119696227484477,1
All three,5,18_3.jpg,18,1,0.9075718215734179,1
All three,5,18_4.jpg,18,1,0.8000330673677203,1
All three,5,20_0.jpg,20,1,0.7584060174124592,1
All three,5,20_1.jpg,20,1,0.7367118343919415,1
All three,5,22_0.jpg,22,1,0.8480870090305835,1
All three,5,22_1.jpg,22,1,0.7078724704670509,1
All three,5,30_0.jpg,30,1,0.8425007638178686,1
All three,5,31_0.jpg,31,1,0.8844270215848344,1
All three,5,31_1.jpg,31,1,0.8872457279247533,1
All three,5,31_2.jpg,31,1,0.7682423787725494,1
All three,5,31_3.jpg,31,1,0.9580279542000855,1
All three,5,31_4.jpg,31,1,0.7405037823286585,1
All three,5,31_5.jpg,31,1,0.499305952389133,0
All three,5,31_6.jpg,31,1,0.624205995525935,1
All three,5,34_0.jpg,34,1,0.8013661157412755,1
All three,5,34_1.jpg,34,1,0.8334670883227301,1
All three,5,34_2.jpg,34,1,0.9371091945137714,1
All three,5,34_3.jpg,34,1,0.8195930784382525,1
All three,5,41_0.jpg,41,1,0.841967672469687,1
All three,5,43_0.jpg,43,1,0.8795917389640612,1
All three,5,43_1.jpg,43,1,0.9568559220147128,1
All three,5,43_2.jpg,43,1,0.8514855001634808,1
All three,5,43_3.jpg,43,1,0.8810750526156018,1
All three,5,46_0.jpg,46,1,0.8708163567669606,1
All three,5,46_1.jpg,46,1,0.9130622562657768,1
All three,5,54_0.jpg,54,1,0.8126473099154962,1
All three,5,54_1.jpg,54,1,0.9165776979228633,1
All three,5,54_2.jpg,54,1,0.8632938185111043,1
All three,5,54_3.jpg,54,1,0.6424677658030251,1
All three,5,55_0.jpg,55,1,0.8287876043562377,1
All three,5,55_1.jpg,55,1,0.8688794689811136,1
All three,5,55_2.jpg,55,1,0.8628309569238217,1
All three,5,55_3.jpg,55,1,0.5979747059830729,1
All three,5,55_4.jpg,55,1,0.7277889801800606,1
All three,5,57_0.jpg,57,1,0.8311452335389623,1
All three,5,57_1.jpg,57,1,0.8773266855693603,1
All three,5,57_2.jpg,57,1,0.8882011854366477,1
All three,5,5_0.jpg,5,1,0.9167917060637976,1
All three,5,5_1.jpg,5,1,0.9099245213051791,1
All three,5,67_0.jpg,67,1,0.4924205906444228,0
All three,5,78_0.jpg,78,1,0.7850918624707152,1
All three,5,78_1.jpg,78,1,0.7817381757641784,1
All three,5,86_0.jpg,86,1,0.7929977601555569,1
All three,5,86_1.jpg,86,1,0.7929977601555569,1
All three,5,88_0.jpg,88,1,0.7195843239147726,1
All three,5,89_0.jpg,89,1,0.8239661862381226,1
All three,5,97_0.jpg,97,1,0.8633191973524583,1
All three,5,98_0.jpg,98,1,0.8522116392320024,1
